date,channel,ad_spend,impressions,clicks,signups,conversions,cac,pipeline_generated
2025-01-01,Google Search,1552.2,57999,2972,446,113,13.74,156562.63
2025-01-01,LinkedIn Ads,1931.92,81173,2552,367,62,31.16,270400.60000000003
2025-01-01,Organic SEO,0.0,1827,106,10,2,0.0,7512.18
2025-01-01,YouTube Partner,739.89,27690,607,77,9,82.21,38157.93000000001
2025-01-01,Email Nurture,0.0,2759,110,18,2,0.0,6663.12
2025-01-02,Google Search,773.98,21776,1030,143,34,22.76,75521.82
2025-01-02,LinkedIn Ads,1257.94,41649,2472,270,45,27.95,106650.45000000001
2025-01-02,Organic SEO,0.0,4486,239,30,4,0.0,16399.44
2025-01-02,YouTube Partner,692.5,30432,858,121,18,38.47,54012.78
2025-01-02,Email Nurture,0.0,4900,283,41,6,0.0,10928.400000000001
2025-01-03,Google Search,933.4,25071,645,58,10,93.34,38254.1
2025-01-03,LinkedIn Ads,568.11,15683,717,71,9,63.12,15755.4
2025-01-03,Organic SEO,0.0,3539,104,10,1,0.0,2407.47
2025-01-03,YouTube Partner,766.14,22498,499,40,5,153.23,8841.25
2025-01-03,Email Nurture,0.0,1984,110,15,3,0.0,13417.079999999998
2025-01-04,Google Search,618.14,24005,1127,200,55,11.24,190632.2
2025-01-04,LinkedIn Ads,798.13,32700,793,125,33,24.19,81290.55
2025-01-04,Organic SEO,0.0,1339,52,5,0,0.0,0.0
2025-01-04,YouTube Partner,471.28,16016,922,161,25,18.85,81489.25
2025-01-04,Email Nurture,0.0,1299,71,7,0,0.0,0.0
2025-01-05,Google Search,1036.43,32455,1676,248,41,25.28,111132.55
2025-01-05,LinkedIn Ads,465.01,19978,1147,204,52,8.94,92251.64
2025-01-05,Organic SEO,0.0,3349,69,11,1,0.0,3904.93
2025-01-05,YouTube Partner,2498.54,73028,2235,326,89,28.07,375774.91
2025-01-05,Email Nurture,0.0,2011,102,14,3,0.0,7008.66
2025-01-06,Google Search,388.97,15437,630,63,15,25.93,28085.850000000002
2025-01-06,LinkedIn Ads,836.49,22460,808,98,19,44.03,67252.02
2025-01-06,Organic SEO,0.0,3990,237,38,6,0.0,8587.380000000001
2025-01-06,YouTube Partner,377.41,10343,447,77,15,25.16,59725.799999999996
2025-01-06,Email Nurture,0.0,1257,28,3,0,0.0,0.0
2025-01-07,Google Search,1943.91,68038,1708,236,39,49.84,51227.67
2025-01-07,LinkedIn Ads,1678.59,70800,2392,284,74,22.68,287483.33999999997
2025-01-07,Organic SEO,0.0,2707,119,17,3,0.0,5028.6900000000005
2025-01-07,YouTube Partner,460.51,11666,640,66,10,46.05,36289.2
2025-01-07,Email Nurture,0.0,2091,93,15,4,0.0,7338.96
2025-01-08,Google Search,1864.09,71370,2407,197,45,41.42,194405.85
2025-01-08,LinkedIn Ads,1672.27,56365,2311,231,55,30.4,201475.45
2025-01-08,Organic SEO,0.0,1428,70,7,1,0.0,3141.82
2025-01-08,YouTube Partner,724.22,21534,971,158,29,24.97,59519.31
2025-01-08,Email Nurture,0.0,3516,74,9,1,0.0,3513.78
2025-01-09,Google Search,375.39,16229,780,101,19,19.76,30993.18
2025-01-09,LinkedIn Ads,904.75,38342,2153,172,36,25.13,128652.84
2025-01-09,Organic SEO,0.0,2187,60,7,1,0.0,4218.98
2025-01-09,YouTube Partner,1004.67,44250,1828,261,53,18.96,86228.88
2025-01-09,Email Nurture,0.0,1654,42,7,1,0.0,1799.38
2025-01-10,Google Search,930.39,24205,937,154,41,22.69,175381.19
2025-01-10,LinkedIn Ads,531.77,17357,366,60,10,53.18,32826.9
2025-01-10,Organic SEO,0.0,2626,64,11,1,0.0,3338.5
2025-01-10,YouTube Partner,802.27,31570,1612,237,51,15.73,211402.65
2025-01-10,Email Nurture,0.0,1532,61,5,0,0.0,0.0
2025-01-11,Google Search,1449.94,65131,3388,557,123,11.79,164469.45
2025-01-11,LinkedIn Ads,715.29,31116,1077,97,22,32.51,48140.62
2025-01-11,Organic SEO,0.0,4935,100,14,3,0.0,5051.43
2025-01-11,YouTube Partner,609.25,24858,1109,93,20,30.46,44388.6
2025-01-11,Email Nurture,0.0,2616,117,10,1,0.0,3985.81
2025-01-12,Google Search,563.43,19948,428,37,8,70.43,27794.4
2025-01-12,LinkedIn Ads,1018.31,29848,1568,159,32,31.82,140642.88
2025-01-12,Organic SEO,0.0,3316,104,18,2,0.0,3389.4
2025-01-12,YouTube Partner,1459.56,53297,2441,199,54,27.03,72745.56000000001
2025-01-12,Email Nurture,0.0,2566,77,11,1,0.0,1363.39
2025-01-13,Google Search,1598.56,50887,2958,503,117,13.66,456285.96
2025-01-13,LinkedIn Ads,1751.5,48186,2439,246,42,41.7,163945.74
2025-01-13,Organic SEO,0.0,4784,128,21,4,0.0,6875.08
2025-01-13,YouTube Partner,2415.26,85421,1957,279,44,54.89,169496.36000000002
2025-01-13,Email Nurture,0.0,3634,163,28,4,0.0,14502.36
2025-01-14,Google Search,2199.51,77901,3643,588,95,23.15,207077.2
2025-01-14,LinkedIn Ads,251.41,11127,630,98,12,20.95,32121.120000000003
2025-01-14,Organic SEO,0.0,2199,107,9,1,0.0,2375.02
2025-01-14,YouTube Partner,2025.06,60091,2738,283,66,30.68,269487.24
2025-01-14,Email Nurture,0.0,2528,89,10,1,0.0,2154.15
2025-01-15,Google Search,1265.39,34595,1319,218,46,27.51,67181.62
2025-01-15,LinkedIn Ads,681.26,23497,809,93,19,35.86,59441.69
2025-01-15,Organic SEO,0.0,4964,197,25,4,0.0,15977.56
2025-01-15,YouTube Partner,2121.87,70171,2338,302,63,33.68,125150.13
2025-01-15,Email Nurture,0.0,2194,96,12,2,0.0,8856.98
2025-01-16,Google Search,1989.63,53969,2759,267,51,39.01,96620.52
2025-01-16,LinkedIn Ads,1801.56,76649,2423,213,35,51.47,119657.65
2025-01-16,Organic SEO,0.0,3475,108,10,1,0.0,2110.63
2025-01-16,YouTube Partner,1894.77,50272,2340,242,47,40.31,100772.7
2025-01-16,Email Nurture,0.0,4838,205,20,4,0.0,5490.08
2025-01-17,Google Search,2168.22,62800,3452,397,93,23.31,209569.92
2025-01-17,LinkedIn Ads,2288.3,63003,1709,220,29,78.91,53555.17
2025-01-17,Organic SEO,0.0,4380,189,29,4,0.0,5257.4
2025-01-17,YouTube Partner,536.26,23216,922,115,14,38.3,50463.0
2025-01-17,Email Nurture,0.0,3333,73,6,0,0.0,0.0
2025-01-18,Google Search,2055.12,83714,3381,371,53,38.78,113389.79
2025-01-18,LinkedIn Ads,1095.94,43975,1828,160,19,57.68,29216.3
2025-01-18,Organic SEO,0.0,1587,76,6,1,0.0,2958.4
2025-01-18,YouTube Partner,1310.47,58475,2901,266,64,20.48,96916.48
2025-01-18,Email Nurture,0.0,3365,121,21,3,0.0,10259.19
2025-01-19,Google Search,640.14,25282,1016,150,22,29.1,80532.54000000001
2025-01-19,LinkedIn Ads,2490.14,95404,3791,653,80,31.13,288700.0
2025-01-19,Organic SEO,0.0,2292,69,8,1,0.0,4455.68
2025-01-19,YouTube Partner,375.83,10464,231,32,4,93.96,15841.0
2025-01-19,Email Nurture,0.0,3473,192,15,3,0.0,9259.619999999999
2025-01-20,Google Search,996.23,39312,1584,205,28,35.58,69591.2
2025-01-20,LinkedIn Ads,792.39,20058,690,61,9,88.04,13547.699999999999
2025-01-20,Organic SEO,0.0,3527,98,17,2,0.0,6615.24
2025-01-20,YouTube Partner,567.8,24649,585,102,22,25.81,26491.960000000003
2025-01-20,Email Nurture,0.0,3204,181,26,3,0.0,12983.79
2025-01-21,Google Search,831.75,26403,952,81,16,51.98,25711.2
2025-01-21,LinkedIn Ads,1152.18,36886,1877,300,43,26.79,103613.65999999999
2025-01-21,Organic SEO,0.0,1886,38,6,1,0.0,2541.18
2025-01-21,YouTube Partner,2071.08,67487,1477,144,39,53.1,55861.259999999995
2025-01-21,Email Nurture,0.0,2587,92,12,3,0.0,9085.59
2025-01-22,Google Search,642.62,20932,1124,162,36,17.85,146178.36000000002
2025-01-22,LinkedIn Ads,2261.44,98137,2335,313,74,30.56,273641.64
2025-01-22,Organic SEO,0.0,1409,37,3,0,0.0,0.0
2025-01-22,YouTube Partner,1502.89,64379,2027,228,31,48.48,76956.88
2025-01-22,Email Nurture,0.0,4418,197,28,7,0.0,13377.21
2025-01-23,Google Search,521.08,21901,575,102,25,20.84,71322.25
2025-01-23,LinkedIn Ads,2458.2,66242,2127,305,53,46.38,225972.39
2025-01-23,Organic SEO,0.0,2572,107,14,3,0.0,6131.1
2025-01-23,YouTube Partner,1070.27,44816,1245,202,42,25.48,156039.24
2025-01-23,Email Nurture,0.0,3482,123,15,2,0.0,3076.48
2025-01-24,Google Search,1454.8,38847,1247,192,52,27.98,185586.44
2025-01-24,LinkedIn Ads,2483.41,96770,3072,452,105,23.65,254803.49999999997
2025-01-24,Organic SEO,0.0,2501,128,15,2,0.0,7534.2
2025-01-24,YouTube Partner,1110.32,37598,1317,153,31,35.82,119940.24
2025-01-24,Email Nurture,0.0,3520,195,25,5,0.0,11221.5
2025-01-25,Google Search,1019.92,29464,1251,139,18,56.66,62289.36
2025-01-25,LinkedIn Ads,1842.44,59326,1368,167,31,59.43,105604.91
2025-01-25,Organic SEO,0.0,1432,52,6,0,0.0,0.0
2025-01-25,YouTube Partner,1863.66,66648,2689,280,66,28.24,115841.88
2025-01-25,Email Nurture,0.0,1255,63,10,2,0.0,3094.44
2025-01-26,Google Search,1762.04,66443,3470,563,145,12.15,372161.35000000003
2025-01-26,LinkedIn Ads,1820.19,55270,3314,323,39,46.67,65951.73
2025-01-26,Organic SEO,0.0,1430,81,14,2,0.0,5424.16
2025-01-26,YouTube Partner,2376.29,91421,2065,261,41,57.96,112764.34999999999
2025-01-26,Email Nurture,0.0,2316,70,11,2,0.0,5723.18
2025-01-27,Google Search,385.24,16688,744,73,15,25.68,51534.450000000004
2025-01-27,LinkedIn Ads,1432.98,56405,2439,426,54,26.54,83732.93999999999
2025-01-27,Organic SEO,0.0,4924,202,16,2,0.0,5433.46
2025-01-27,YouTube Partner,1664.13,60150,2989,322,67,24.84,99888.29
2025-01-27,Email Nurture,0.0,4224,207,29,4,0.0,10646.96
2025-01-28,Google Search,1513.24,63527,2397,411,78,19.4,234855.65999999997
2025-01-28,LinkedIn Ads,2041.64,74849,4371,638,129,15.83,164842.65
2025-01-28,Organic SEO,0.0,2773,112,19,2,0.0,4724.72
2025-01-28,YouTube Partner,2177.29,71678,2004,245,44,49.48,185718.28
2025-01-28,Email Nurture,0.0,1601,83,8,2,0.0,3306.2
2025-01-29,Google Search,1006.78,36984,891,136,24,41.95,90924.95999999999
2025-01-29,LinkedIn Ads,1359.02,38891,1920,202,40,33.98,57970.4
2025-01-29,Organic SEO,0.0,1781,75,10,1,0.0,1616.25
2025-01-29,YouTube Partner,1441.45,43787,912,138,17,84.79,53794.97
2025-01-29,Email Nurture,0.0,3937,236,33,6,0.0,12905.64
2025-01-30,Google Search,1608.82,41816,994,82,16,100.55,50912.0
2025-01-30,LinkedIn Ads,390.58,15398,449,66,18,21.7,62651.700000000004
2025-01-30,Organic SEO,0.0,1357,78,8,1,0.0,1382.69
2025-01-30,YouTube Partner,1460.77,38580,2212,346,77,18.97,301752.22000000003
2025-01-30,Email Nurture,0.0,4117,213,28,6,0.0,22124.64
2025-01-31,Google Search,1649.52,59055,2951,450,99,16.66,236343.69
2025-01-31,LinkedIn Ads,1163.08,51650,1265,135,26,44.73,102991.46
2025-01-31,Organic SEO,0.0,2735,132,18,3,0.0,7667.07
2025-01-31,YouTube Partner,739.82,32789,827,96,11,67.26,21250.57
2025-01-31,Email Nurture,0.0,2432,142,19,5,0.0,19878.25
2025-02-01,Google Search,330.92,12630,397,53,8,41.37,18810.16
2025-02-01,LinkedIn Ads,2327.13,67795,3726,309,41,56.76,164837.63
2025-02-01,Organic SEO,0.0,4973,267,40,11,0.0,18851.69
2025-02-01,YouTube Partner,757.75,22153,1145,113,14,54.12,62933.5
2025-02-01,Email Nurture,0.0,4187,206,18,3,0.0,12097.86
2025-02-02,Google Search,773.36,21120,697,71,19,40.7,77221.51
2025-02-02,LinkedIn Ads,1374.29,36043,1751,249,68,20.21,207029.40000000002
2025-02-02,Organic SEO,0.0,2796,85,11,1,0.0,3045.15
2025-02-02,YouTube Partner,1381.26,38521,1451,164,33,41.86,103377.78
2025-02-02,Email Nurture,0.0,2275,69,5,0,0.0,0.0
2025-02-03,Google Search,253.6,7776,429,59,12,21.13,30373.199999999997
2025-02-03,LinkedIn Ads,1772.06,51032,2691,246,55,32.22,127918.45
2025-02-03,Organic SEO,0.0,1865,79,6,0,0.0,0.0
2025-02-03,YouTube Partner,425.23,16641,945,101,18,23.62,55393.92
2025-02-03,Email Nurture,0.0,4744,220,37,9,0.0,25704.090000000004
2025-02-04,Google Search,1234.7,39255,1914,208,33,37.42,78395.45999999999
2025-02-04,LinkedIn Ads,648.73,25237,1126,144,26,24.95,109197.66
2025-02-04,Organic SEO,0.0,3259,98,16,3,0.0,8881.44
2025-02-04,YouTube Partner,1591.89,51450,2690,355,49,32.49,79669.59000000001
2025-02-04,Email Nurture,0.0,3701,207,32,4,0.0,5945.08
2025-02-05,Google Search,1612.25,42147,1977,263,59,27.33,185706.04
2025-02-05,LinkedIn Ads,1201.08,34852,1123,148,33,36.4,124485.56999999999
2025-02-05,Organic SEO,0.0,4464,235,22,5,0.0,17432.5
2025-02-05,YouTube Partner,1500.71,58513,2134,200,45,33.35,131913.9
2025-02-05,Email Nurture,0.0,1513,34,4,0,0.0,0.0
2025-02-06,Google Search,1165.92,44950,1306,183,42,27.76,62942.880000000005
2025-02-06,LinkedIn Ads,1369.44,41441,2029,200,52,26.34,136349.72
2025-02-06,Organic SEO,0.0,2110,115,12,1,0.0,1989.92
2025-02-06,YouTube Partner,1190.43,35741,1173,109,18,66.14,55593.72
2025-02-06,Email Nurture,0.0,1968,102,12,2,0.0,4418.0
2025-02-07,Google Search,413.9,18067,646,102,16,25.87,53328.0
2025-02-07,LinkedIn Ads,2214.95,57218,3045,417,90,24.61,263377.8
2025-02-07,Organic SEO,0.0,3685,155,20,4,0.0,7878.08
2025-02-07,YouTube Partner,2194.91,68453,3269,266,47,46.7,110950.07999999999
2025-02-07,Email Nurture,0.0,4186,118,18,4,0.0,10281.44
2025-02-08,Google Search,887.98,27241,1070,162,28,31.71,89967.92
2025-02-08,LinkedIn Ads,1110.59,34528,724,58,9,123.4,22870.26
2025-02-08,Organic SEO,0.0,1309,69,11,2,0.0,6765.68
2025-02-08,YouTube Partner,2282.37,61557,1802,271,68,33.56,273917.6
2025-02-08,Email Nurture,0.0,2936,76,11,1,0.0,2746.39
2025-02-09,Google Search,1580.43,67542,3752,579,72,21.95,223036.56
2025-02-09,LinkedIn Ads,2019.81,51193,2149,356,69,29.27,83734.95
2025-02-09,Organic SEO,0.0,2586,148,16,2,0.0,6116.88
2025-02-09,YouTube Partner,2373.49,59519,1757,305,44,53.94,69242.8
2025-02-09,Email Nurture,0.0,3787,172,28,6,0.0,24667.68
2025-02-10,Google Search,1226.25,48991,2938,448,61,20.1,177537.44999999998
2025-02-10,LinkedIn Ads,1571.53,44763,2619,255,37,42.47,156141.85
2025-02-10,Organic SEO,0.0,2232,70,7,1,0.0,1741.41
2025-02-10,YouTube Partner,891.67,36430,2048,363,57,15.64,234171.96
2025-02-10,Email Nurture,0.0,2889,90,11,2,0.0,2729.1
2025-02-11,Google Search,1607.66,66131,1737,141,23,69.9,72240.01
2025-02-11,LinkedIn Ads,561.14,18810,791,110,18,31.17,45361.799999999996
2025-02-11,Organic SEO,0.0,4614,265,42,10,0.0,30168.0
2025-02-11,YouTube Partner,2108.25,65503,2354,262,51,41.34,109262.90999999999
2025-02-11,Email Nurture,0.0,3982,238,23,3,0.0,4576.9800000000005
2025-02-12,Google Search,1554.56,58385,2020,269,66,23.55,257382.84
2025-02-12,LinkedIn Ads,2405.3,99784,4250,416,56,42.95,77273.84000000001
2025-02-12,Organic SEO,0.0,4291,224,29,3,0.0,8901.150000000001
2025-02-12,YouTube Partner,2355.44,87038,4558,729,196,12.02,733383.0
2025-02-12,Email Nurture,0.0,4549,130,20,3,0.0,5714.01
2025-02-13,Google Search,1771.21,58627,3357,298,60,29.52,253867.19999999998
2025-02-13,LinkedIn Ads,2284.26,64257,2227,316,45,50.76,197751.15000000002
2025-02-13,Organic SEO,0.0,1988,86,13,3,0.0,8693.07
2025-02-13,YouTube Partner,994.73,41529,1345,175,32,31.09,128696.32
2025-02-13,Email Nurture,0.0,2846,162,27,6,0.0,7584.12
2025-02-14,Google Search,985.77,37024,1148,196,43,22.92,61803.47
2025-02-14,LinkedIn Ads,2295.26,101347,2341,311,52,44.14,129811.23999999999
2025-02-14,Organic SEO,0.0,2929,126,22,4,0.0,5894.48
2025-02-14,YouTube Partner,1645.0,52318,2837,350,52,31.63,95193.8
2025-02-14,Email Nurture,0.0,3927,189,15,1,0.0,1447.91
2025-02-15,Google Search,1455.24,61249,1236,214,29,50.18,115377.95000000001
2025-02-15,LinkedIn Ads,1336.42,51034,2063,263,66,20.25,243832.37999999998
2025-02-15,Organic SEO,0.0,4581,112,10,2,0.0,5893.98
2025-02-15,YouTube Partner,1333.58,51491,2798,399,96,13.89,357637.44
2025-02-15,Email Nurture,0.0,2053,60,9,2,0.0,5588.24
2025-02-16,Google Search,1186.16,52851,1481,150,25,47.45,44252.5
2025-02-16,LinkedIn Ads,1103.57,47692,2127,257,69,15.99,93835.17
2025-02-16,Organic SEO,0.0,3460,186,31,6,0.0,20192.34
2025-02-16,YouTube Partner,1110.03,34006,1662,276,62,17.9,179071.5
2025-02-16,Email Nurture,0.0,4073,102,17,3,0.0,6740.88
2025-02-17,Google Search,1974.18,69015,2236,360,93,21.23,318146.49
2025-02-17,LinkedIn Ads,355.67,12920,652,61,9,39.52,37010.06999999999
2025-02-17,Organic SEO,0.0,1823,94,9,2,0.0,3014.5
2025-02-17,YouTube Partner,1303.32,55718,2543,308,51,25.56,124329.33
2025-02-17,Email Nurture,0.0,1760,72,8,2,0.0,6637.92
2025-02-18,Google Search,920.84,25350,1361,158,35,26.31,96379.15000000001
2025-02-18,LinkedIn Ads,697.59,25834,579,70,14,49.83,36945.44
2025-02-18,Organic SEO,0.0,3982,140,16,2,0.0,6837.06
2025-02-18,YouTube Partner,1394.56,54976,1875,211,41,34.01,167913.04
2025-02-18,Email Nurture,0.0,1260,48,4,0,0.0,0.0
2025-02-19,Google Search,791.6,23588,550,95,20,39.58,68024.4
2025-02-19,LinkedIn Ads,2301.05,73432,3294,276,41,56.12,161667.51
2025-02-19,Organic SEO,0.0,4854,231,27,4,0.0,15833.72
2025-02-19,YouTube Partner,477.87,18406,551,44,6,79.64,19211.88
2025-02-19,Email Nurture,0.0,4294,172,28,4,0.0,5836.68
2025-02-20,Google Search,1051.91,42026,1766,285,77,13.66,293815.83
2025-02-20,LinkedIn Ads,1608.56,56085,1211,216,39,41.25,66391.65
2025-02-20,Organic SEO,0.0,4911,257,27,5,0.0,13494.55
2025-02-20,YouTube Partner,2192.72,95030,5689,542,139,15.77,288823.93
2025-02-20,Email Nurture,0.0,2628,94,13,1,0.0,4277.74
2025-02-21,Google Search,1111.88,44019,916,92,18,61.77,73768.13999999998
2025-02-21,LinkedIn Ads,1436.32,62619,2464,317,44,32.64,169345.88
2025-02-21,Organic SEO,0.0,1213,51,6,1,0.0,1250.07
2025-02-21,YouTube Partner,888.43,29968,1359,169,29,30.64,71941.17
2025-02-21,Email Nurture,0.0,2506,142,18,2,0.0,2528.34
2025-02-22,Google Search,2439.16,71782,3748,321,85,28.7,347274.3
2025-02-22,LinkedIn Ads,1534.96,38650,1171,141,27,56.85,58923.18000000001
2025-02-22,Organic SEO,0.0,2626,54,7,1,0.0,2222.5
2025-02-22,YouTube Partner,443.04,11881,676,100,14,31.65,33280.66
2025-02-22,Email Nurture,0.0,3054,100,16,3,0.0,6326.76
2025-02-23,Google Search,2427.41,76295,4572,821,123,19.74,274542.15
2025-02-23,LinkedIn Ads,1343.6,51435,2115,374,88,15.27,167178.0
2025-02-23,Organic SEO,0.0,4338,157,15,3,0.0,12590.04
2025-02-23,YouTube Partner,2059.84,54207,2585,354,93,22.15,149189.67
2025-02-23,Email Nurture,0.0,3035,155,21,2,0.0,7453.3
2025-02-24,Google Search,407.05,14073,378,58,15,27.14,45429.299999999996
2025-02-24,LinkedIn Ads,1436.08,57844,1168,200,30,47.87,133427.7
2025-02-24,Organic SEO,0.0,2104,52,9,1,0.0,3756.42
2025-02-24,YouTube Partner,845.84,36939,1802,279,43,19.67,114467.29000000001
2025-02-24,Email Nurture,0.0,1552,50,7,1,0.0,2125.74
2025-02-25,Google Search,2096.06,76896,3102,346,81,25.88,174107.06999999998
2025-02-25,LinkedIn Ads,1908.39,50385,2750,357,67,28.48,215497.46000000002
2025-02-25,Organic SEO,0.0,4580,249,31,5,0.0,9989.1
2025-02-25,YouTube Partner,1336.78,57129,2007,311,42,31.83,116381.57999999999
2025-02-25,Email Nurture,0.0,2379,109,13,2,0.0,4543.06
2025-02-26,Google Search,2458.26,68081,2218,285,55,44.7,151553.05000000002
2025-02-26,LinkedIn Ads,645.51,18008,543,93,12,53.79,44394.0
2025-02-26,Organic SEO,0.0,1456,39,6,1,0.0,1632.56
2025-02-26,YouTube Partner,1973.85,86156,4987,582,82,24.07,238679.03999999998
2025-02-26,Email Nurture,0.0,2557,144,15,2,0.0,5294.84
2025-02-27,Google Search,1960.7,65500,3782,643,166,11.81,238234.90000000002
2025-02-27,LinkedIn Ads,2172.08,88257,2130,193,26,83.54,32172.4
2025-02-27,Organic SEO,0.0,4318,249,26,3,0.0,6592.530000000001
2025-02-27,YouTube Partner,2263.94,100611,5470,497,134,16.9,348008.72
2025-02-27,Email Nurture,0.0,3455,79,12,1,0.0,4129.11
2025-02-28,Google Search,1077.66,30019,1435,138,33,32.66,145027.41
2025-02-28,LinkedIn Ads,2003.99,50999,2243,335,84,23.86,116324.04
2025-02-28,Organic SEO,0.0,3414,186,17,4,0.0,16064.84
2025-02-28,YouTube Partner,2307.27,69923,3926,439,91,25.35,124366.97
2025-02-28,Email Nurture,0.0,3870,229,39,9,0.0,20475.63
2025-03-01,Google Search,2088.25,69279,2291,353,46,45.4,62571.96
2025-03-01,LinkedIn Ads,1257.9,42658,2381,220,30,41.93,50597.7
2025-03-01,Organic SEO,0.0,4185,155,25,4,0.0,6048.16
2025-03-01,YouTube Partner,1956.37,72620,3109,265,37,52.87,120413.17
2025-03-01,Email Nurture,0.0,1582,83,13,3,0.0,13003.32
2025-03-02,Google Search,1498.36,47678,2787,375,48,31.22,159415.68
2025-03-02,LinkedIn Ads,1572.29,67476,3112,357,98,16.04,376843.32
2025-03-02,Organic SEO,0.0,4416,164,17,4,0.0,5335.72
2025-03-02,YouTube Partner,2305.89,96063,3064,486,60,38.43,263439.6
2025-03-02,Email Nurture,0.0,4542,230,24,2,0.0,6812.14
2025-03-03,Google Search,2438.41,90554,2245,251,64,38.1,125918.08
2025-03-03,LinkedIn Ads,1617.32,53457,1513,244,58,27.88,196228.5
2025-03-03,Organic SEO,0.0,4814,132,18,2,0.0,8086.72
2025-03-03,YouTube Partner,2369.92,83823,2857,295,37,64.05,77183.85
2025-03-03,Email Nurture,0.0,1672,69,12,2,0.0,6979.5
2025-03-04,Google Search,1350.98,47624,1462,183,35,38.6,123617.2
2025-03-04,LinkedIn Ads,2366.44,74747,1621,210,43,55.03,75501.55
2025-03-04,Organic SEO,0.0,1346,79,13,1,0.0,4088.7
2025-03-04,YouTube Partner,1835.11,62534,2602,429,84,21.85,204252.72
2025-03-04,Email Nurture,0.0,3180,172,22,3,0.0,10471.32
2025-03-05,Google Search,1418.12,43906,1620,177,28,50.65,48717.48
2025-03-05,LinkedIn Ads,1066.23,32007,1515,224,44,24.23,165757.68
2025-03-05,Organic SEO,0.0,3820,162,24,4,0.0,6050.56
2025-03-05,YouTube Partner,2445.71,75144,2776,402,49,49.91,189819.14
2025-03-05,Email Nurture,0.0,1246,52,8,2,0.0,3248.62
2025-03-06,Google Search,291.36,11302,362,51,7,41.62,19234.809999999998
2025-03-06,LinkedIn Ads,1384.96,50830,2059,266,46,30.11,66004.94
2025-03-06,Organic SEO,0.0,4182,154,19,3,0.0,11768.849999999999
2025-03-06,YouTube Partner,1341.83,48128,1549,152,20,67.09,71131.8
2025-03-06,Email Nurture,0.0,3479,131,12,2,0.0,3379.98
2025-03-07,Google Search,1497.18,53214,2627,224,58,25.81,204152.46
2025-03-07,LinkedIn Ads,736.28,21107,786,127,32,23.01,93360.32
2025-03-07,Organic SEO,0.0,3714,108,11,1,0.0,3309.57
2025-03-07,YouTube Partner,419.07,11601,531,60,13,32.24,39513.5
2025-03-07,Email Nurture,0.0,3910,104,16,2,0.0,8291.24
2025-03-08,Google Search,1281.96,49406,1970,176,29,44.21,128943.28
2025-03-08,LinkedIn Ads,2411.61,75748,4533,745,162,14.89,215850.42
2025-03-08,Organic SEO,0.0,3291,114,13,3,0.0,10042.8
2025-03-08,YouTube Partner,1631.88,51702,2725,228,59,27.66,170632.13
2025-03-08,Email Nurture,0.0,3805,182,30,4,0.0,11983.2
2025-03-09,Google Search,268.02,7210,159,24,3,89.34,10692.869999999999
2025-03-09,LinkedIn Ads,811.66,34539,1814,318,83,9.78,355239.17
2025-03-09,Organic SEO,0.0,3950,141,16,3,0.0,12125.01
2025-03-09,YouTube Partner,426.26,11275,608,61,13,32.79,38889.5
2025-03-09,Email Nurture,0.0,2129,125,13,3,0.0,5829.87
2025-03-10,Google Search,1783.29,53627,2968,404,60,29.72,116425.20000000001
2025-03-10,LinkedIn Ads,1361.16,60206,3057,393,68,20.02,204856.12
2025-03-10,Organic SEO,0.0,2032,104,8,1,0.0,2869.17
2025-03-10,YouTube Partner,1510.78,59785,2044,288,61,24.77,183434.93
2025-03-10,Email Nurture,0.0,2876,106,11,1,0.0,3958.59
2025-03-11,Google Search,584.42,19942,791,66,9,64.94,35354.25
2025-03-11,LinkedIn Ads,2119.23,65374,3595,565,105,20.18,385322.69999999995
2025-03-11,Organic SEO,0.0,2956,64,10,1,0.0,3937.82
2025-03-11,YouTube Partner,1833.86,80531,2927,427,82,22.36,269037.08
2025-03-11,Email Nurture,0.0,3740,175,23,3,0.0,9278.91
2025-03-12,Google Search,2098.46,53660,2427,279,46,45.62,114794.84
2025-03-12,LinkedIn Ads,1019.55,42458,1315,201,27,37.76,117169.46999999999
2025-03-12,Organic SEO,0.0,2407,62,9,1,0.0,1756.38
2025-03-12,YouTube Partner,1556.79,61162,3465,521,118,13.19,295156.94
2025-03-12,Email Nurture,0.0,4536,213,32,6,0.0,14782.14
2025-03-13,Google Search,749.68,31106,1379,171,46,16.3,62462.02
2025-03-13,LinkedIn Ads,2162.89,97225,5393,868,156,13.86,306281.04
2025-03-13,Organic SEO,0.0,3753,117,17,2,0.0,6229.5
2025-03-13,YouTube Partner,2284.08,71728,3357,331,72,31.72,166340.88
2025-03-13,Email Nurture,0.0,4918,216,23,6,0.0,23843.94
2025-03-14,Google Search,1313.98,33876,1542,131,35,37.54,153068.30000000002
2025-03-14,LinkedIn Ads,676.35,26058,617,94,16,42.27,55159.52
2025-03-14,Organic SEO,0.0,2663,148,18,4,0.0,14708.84
2025-03-14,YouTube Partner,1349.36,50013,1651,294,66,20.44,88749.54000000001
2025-03-14,Email Nurture,0.0,4877,117,10,2,0.0,8300.22
2025-03-15,Google Search,2442.29,63316,2167,219,52,46.97,172257.28
2025-03-15,LinkedIn Ads,519.75,18019,854,134,16,32.48,66216.8
2025-03-15,Organic SEO,0.0,4442,233,36,8,0.0,28510.96
2025-03-15,YouTube Partner,1756.12,60656,2771,232,50,35.12,188350.0
2025-03-15,Email Nurture,0.0,4352,142,20,2,0.0,7194.88
2025-03-16,Google Search,2130.51,70952,3589,349,59,36.11,260497.39
2025-03-16,LinkedIn Ads,2469.24,87045,4993,660,109,22.65,226803.93
2025-03-16,Organic SEO,0.0,2711,155,20,4,0.0,11168.0
2025-03-16,YouTube Partner,460.73,18595,927,103,17,27.1,67402.96
2025-03-16,Email Nurture,0.0,1529,75,7,1,0.0,3121.91
2025-03-17,Google Search,535.4,18331,986,167,27,19.83,95773.86
2025-03-17,LinkedIn Ads,474.97,12192,517,77,19,25.0,44131.49
2025-03-17,Organic SEO,0.0,2789,140,18,4,0.0,5241.24
2025-03-17,YouTube Partner,1075.19,31977,1211,105,28,38.4,54228.72
2025-03-17,Email Nurture,0.0,4489,115,16,2,0.0,5088.72
2025-03-18,Google Search,649.17,17652,753,130,16,40.57,41458.08
2025-03-18,LinkedIn Ads,1841.95,63093,3297,322,88,20.93,217451.52
2025-03-18,Organic SEO,0.0,4145,97,13,3,0.0,5665.65
2025-03-18,YouTube Partner,1746.86,46421,2049,197,46,37.98,100926.76
2025-03-18,Email Nurture,0.0,4047,142,17,2,0.0,2490.64
2025-03-19,Google Search,2323.19,64056,2423,391,102,22.78,297229.02
2025-03-19,LinkedIn Ads,1521.32,58409,3414,478,100,15.21,124796.0
2025-03-19,Organic SEO,0.0,4959,116,13,3,0.0,10128.3
2025-03-19,YouTube Partner,1655.58,50744,1782,160,37,44.75,105924.70999999999
2025-03-19,Email Nurture,0.0,3788,205,22,5,0.0,9791.8
2025-03-20,Google Search,1936.41,72830,3640,450,121,16.0,397746.36
2025-03-20,LinkedIn Ads,898.67,33941,1068,116,21,42.79,84273.42
2025-03-20,Organic SEO,0.0,2620,54,7,1,0.0,1923.76
2025-03-20,YouTube Partner,1215.0,46225,2268,181,48,25.31,83660.64
2025-03-20,Email Nurture,0.0,4635,127,13,3,0.0,8093.3099999999995
2025-03-21,Google Search,1758.72,55165,1944,348,55,31.98,157922.05
2025-03-21,LinkedIn Ads,2149.91,64033,2344,331,65,33.08,176563.4
2025-03-21,Organic SEO,0.0,1230,49,5,1,0.0,4189.62
2025-03-21,YouTube Partner,1525.31,48944,1725,209,49,31.13,131830.09
2025-03-21,Email Nurture,0.0,3085,176,17,3,0.0,7484.58
2025-03-22,Google Search,1161.73,31959,1679,140,28,41.49,94757.59999999999
2025-03-22,LinkedIn Ads,716.81,30906,1654,210,39,18.38,77246.13
2025-03-22,Organic SEO,0.0,2748,62,7,1,0.0,3227.99
2025-03-22,YouTube Partner,2122.37,74028,1831,148,24,88.43,84080.88
2025-03-22,Email Nurture,0.0,3518,188,24,3,0.0,9252.81
2025-03-23,Google Search,1167.74,44641,2467,298,49,23.83,61147.100000000006
2025-03-23,LinkedIn Ads,1543.39,51002,1784,175,33,46.77,146805.78
2025-03-23,Organic SEO,0.0,4728,96,15,1,0.0,4302.59
2025-03-23,YouTube Partner,2257.17,80604,3364,489,88,25.65,293553.04
2025-03-23,Email Nurture,0.0,1443,52,8,1,0.0,2891.53
2025-03-24,Google Search,1519.44,53002,2611,309,83,18.31,231565.84999999998
2025-03-24,LinkedIn Ads,1535.23,63728,1976,172,40,38.38,111757.6
2025-03-24,Organic SEO,0.0,4630,223,28,4,0.0,16481.04
2025-03-24,YouTube Partner,1548.3,45555,1401,224,28,55.3,125269.19999999998
2025-03-24,Email Nurture,0.0,3847,121,19,2,0.0,7717.46
2025-03-25,Google Search,1755.66,69609,2595,383,83,21.15,310223.29000000004
2025-03-25,LinkedIn Ads,1255.23,43250,1978,179,33,38.04,145445.52
2025-03-25,Organic SEO,0.0,3109,72,12,1,0.0,4016.04
2025-03-25,YouTube Partner,2192.86,88702,2373,384,93,23.58,294734.67
2025-03-25,Email Nurture,0.0,2814,85,7,1,0.0,3131.36
2025-03-26,Google Search,1058.51,36526,1261,181,47,22.52,81824.18000000001
2025-03-26,LinkedIn Ads,1108.17,30826,1387,212,57,19.44,120855.96
2025-03-26,Organic SEO,0.0,3923,105,9,2,0.0,7579.18
2025-03-26,YouTube Partner,2109.52,91290,5038,906,144,14.65,535524.48
2025-03-26,Email Nurture,0.0,2707,88,8,1,0.0,3174.41
2025-03-27,Google Search,319.68,9749,207,25,6,53.28,26656.5
2025-03-27,LinkedIn Ads,1683.36,47525,2672,351,50,33.67,212085.0
2025-03-27,Organic SEO,0.0,4772,98,10,2,0.0,6462.24
2025-03-27,YouTube Partner,1946.01,66055,2139,274,47,41.4,186524.19999999998
2025-03-27,Email Nurture,0.0,3308,170,27,6,0.0,11722.86
2025-03-28,Google Search,866.53,27119,669,71,10,86.65,27025.8
2025-03-28,LinkedIn Ads,2293.98,62143,3033,451,61,37.61,258913.88999999998
2025-03-28,Organic SEO,0.0,2472,89,7,1,0.0,1504.74
2025-03-28,YouTube Partner,1766.52,46158,2165,355,65,27.18,189996.3
2025-03-28,Email Nurture,0.0,1327,67,8,1,0.0,2705.88
2025-03-29,Google Search,2261.71,79063,4243,679,126,17.95,246869.28
2025-03-29,LinkedIn Ads,1163.68,48321,1406,186,46,25.3,108858.08
2025-03-29,Organic SEO,0.0,3713,130,20,5,0.0,20041.55
2025-03-29,YouTube Partner,1998.71,60722,3186,424,54,37.01,146226.6
2025-03-29,Email Nurture,0.0,1961,42,6,1,0.0,1532.48
2025-03-30,Google Search,1841.93,47196,2586,242,33,55.82,58730.76
2025-03-30,LinkedIn Ads,2410.6,93684,4876,583,101,23.87,199353.8
2025-03-30,Organic SEO,0.0,1285,54,7,1,0.0,4330.56
2025-03-30,YouTube Partner,631.96,28004,576,73,12,52.66,32185.32
2025-03-30,Email Nurture,0.0,1961,58,5,1,0.0,1428.27
2025-03-31,Google Search,995.22,30503,1287,196,40,24.88,170895.6
2025-03-31,LinkedIn Ads,2390.75,77052,3937,605,159,15.04,425835.39
2025-03-31,Organic SEO,0.0,3042,176,26,3,0.0,12354.03
2025-03-31,YouTube Partner,2191.02,74201,3222,572,117,18.73,489944.52
2025-03-31,Email Nurture,0.0,3043,110,17,2,0.0,4033.92
2025-04-01,Google Search,2066.53,83198,2949,517,137,15.08,599455.8300000001
2025-04-01,LinkedIn Ads,1212.81,35110,1582,234,32,37.9,121452.48
2025-04-01,Organic SEO,0.0,3289,153,18,2,0.0,7225.28
2025-04-01,YouTube Partner,794.91,22602,931,101,22,36.13,34962.4
2025-04-01,Email Nurture,0.0,3352,70,7,0,0.0,0.0
2025-04-02,Google Search,2137.5,54819,2237,305,63,33.93,174414.24
2025-04-02,LinkedIn Ads,2028.86,56140,1820,257,59,34.39,149487.71
2025-04-02,Organic SEO,0.0,2431,60,9,2,0.0,4868.0
2025-04-02,YouTube Partner,2389.62,60801,1954,336,57,41.92,115848.51000000001
2025-04-02,Email Nurture,0.0,4066,190,18,4,0.0,6193.88
2025-04-03,Google Search,1839.74,64374,3527,326,74,24.86,228495.72
2025-04-03,LinkedIn Ads,1330.2,46328,2264,393,52,25.58,65746.72
2025-04-03,Organic SEO,0.0,4110,194,23,3,0.0,11678.73
2025-04-03,YouTube Partner,2055.76,71392,2280,327,54,38.07,106856.81999999999
2025-04-03,Email Nurture,0.0,1762,44,3,0,0.0,0.0
2025-04-04,Google Search,254.08,7489,251,44,8,31.76,15004.48
2025-04-04,LinkedIn Ads,1003.34,31711,659,61,14,71.67,22355.62
2025-04-04,Organic SEO,0.0,2953,103,11,2,0.0,4311.24
2025-04-04,YouTube Partner,1548.7,40758,1127,136,36,43.02,88017.48
2025-04-04,Email Nurture,0.0,1940,98,12,3,0.0,8229.119999999999
2025-04-05,Google Search,2218.61,91443,5417,935,246,9.02,889115.34
2025-04-05,LinkedIn Ads,1075.75,29177,1387,246,58,18.55,247358.98
2025-04-05,Organic SEO,0.0,3756,104,9,2,0.0,4709.32
2025-04-05,YouTube Partner,1490.46,47979,1201,166,33,45.17,61706.04
2025-04-05,Email Nurture,0.0,1348,55,6,0,0.0,0.0
2025-04-06,Google Search,819.82,35403,852,72,8,102.48,18261.04
2025-04-06,LinkedIn Ads,1735.87,68754,2621,389,69,25.16,234859.44
2025-04-06,Organic SEO,0.0,4718,168,26,6,0.0,21379.739999999998
2025-04-06,YouTube Partner,709.54,21246,1271,114,16,44.35,26065.44
2025-04-06,Email Nurture,0.0,1719,88,7,1,0.0,3702.73
2025-04-07,Google Search,299.47,12379,254,37,6,49.91,19307.579999999998
2025-04-07,LinkedIn Ads,1816.07,57840,1406,122,26,69.85,75872.16
2025-04-07,Organic SEO,0.0,1887,50,4,0,0.0,0.0
2025-04-07,YouTube Partner,653.42,19285,405,61,15,43.56,57444.0
2025-04-07,Email Nurture,0.0,4908,184,15,1,0.0,2884.3
2025-04-08,Google Search,2431.24,94488,2157,213,51,47.67,202814.25
2025-04-08,LinkedIn Ads,1639.81,62129,1313,213,52,31.53,106850.64000000001
2025-04-08,Organic SEO,0.0,2863,84,7,1,0.0,3722.04
2025-04-08,YouTube Partner,2484.6,99796,5163,731,203,12.24,672307.5800000001
2025-04-08,Email Nurture,0.0,1345,77,13,2,0.0,2919.16
2025-04-09,Google Search,636.72,16672,403,39,6,106.12,17962.079999999998
2025-04-09,LinkedIn Ads,1851.28,54091,2536,381,79,23.43,330373.25999999995
2025-04-09,Organic SEO,0.0,3230,160,22,5,0.0,13124.8
2025-04-09,YouTube Partner,2018.07,69117,3983,512,99,20.38,375283.25999999995
2025-04-09,Email Nurture,0.0,3866,102,9,1,0.0,1241.0
2025-04-10,Google Search,2229.57,57749,2844,475,64,34.84,168946.56
2025-04-10,LinkedIn Ads,2415.18,100671,3985,622,157,15.38,368712.93
2025-04-10,Organic SEO,0.0,1752,72,6,0,0.0,0.0
2025-04-10,YouTube Partner,548.36,16268,620,81,19,28.86,50847.799999999996
2025-04-10,Email Nurture,0.0,1547,84,10,1,0.0,2770.99
2025-04-11,Google Search,1800.8,66907,2778,352,58,31.05,122683.91999999998
2025-04-11,LinkedIn Ads,1375.52,38806,1304,146,31,44.37,44021.549999999996
2025-04-11,Organic SEO,0.0,3936,119,15,4,0.0,9198.8
2025-04-11,YouTube Partner,1588.85,42587,1884,167,45,35.31,160276.05
2025-04-11,Email Nurture,0.0,3000,67,9,1,0.0,2109.01
2025-04-12,Google Search,2066.22,66821,2183,360,91,22.71,216216.91000000003
2025-04-12,LinkedIn Ads,2123.12,89204,3296,285,34,62.44,99513.58
2025-04-12,Organic SEO,0.0,2419,143,16,3,0.0,4921.799999999999
2025-04-12,YouTube Partner,357.9,14497,620,96,13,27.53,40131.39
2025-04-12,Email Nurture,0.0,2877,130,22,4,0.0,15139.8
2025-04-13,Google Search,853.76,33262,667,111,13,65.67,46177.17
2025-04-13,LinkedIn Ads,354.08,10737,428,52,7,50.58,16111.130000000001
2025-04-13,Organic SEO,0.0,2990,136,16,2,0.0,3765.12
2025-04-13,YouTube Partner,1721.55,57369,1559,232,48,35.87,193613.76
2025-04-13,Email Nurture,0.0,2877,85,9,2,0.0,6599.04
2025-04-14,Google Search,1894.04,82125,4638,713,108,17.54,430178.04000000004
2025-04-14,LinkedIn Ads,708.5,28239,1339,208,42,16.87,138927.6
2025-04-14,Organic SEO,0.0,3492,105,12,2,0.0,4346.54
2025-04-14,YouTube Partner,284.35,8360,261,32,4,71.09,16326.96
2025-04-14,Email Nurture,0.0,4876,229,30,7,0.0,11995.480000000001
2025-04-15,Google Search,1131.87,39389,961,117,19,59.57,25030.980000000003
2025-04-15,LinkedIn Ads,557.65,22462,465,80,10,55.77,38374.899999999994
2025-04-15,Organic SEO,0.0,4224,163,28,4,0.0,17709.52
2025-04-15,YouTube Partner,2487.15,89816,2407,268,50,49.74,111038.5
2025-04-15,Email Nurture,0.0,4197,239,35,8,0.0,30376.0
2025-04-16,Google Search,511.78,16480,967,166,43,11.9,115751.26999999999
2025-04-16,LinkedIn Ads,2178.68,56575,1467,178,35,62.25,72434.95000000001
2025-04-16,Organic SEO,0.0,4798,258,32,6,0.0,10303.92
2025-04-16,YouTube Partner,1209.41,43234,903,112,27,44.79,92992.05
2025-04-16,Email Nurture,0.0,2711,159,14,2,0.0,5083.6
2025-04-17,Google Search,1548.18,43416,1175,127,34,45.53,123167.04
2025-04-17,LinkedIn Ads,1738.81,71880,1804,299,64,27.17,147621.76
2025-04-17,Organic SEO,0.0,2175,113,13,2,0.0,3031.56
2025-04-17,YouTube Partner,2307.81,61897,2842,344,63,36.63,216878.76
2025-04-17,Email Nurture,0.0,4798,164,17,2,0.0,6783.4
2025-04-18,Google Search,1193.62,52887,2504,398,66,18.09,96447.12
2025-04-18,LinkedIn Ads,1347.6,42168,1184,207,39,34.55,69285.06
2025-04-18,Organic SEO,0.0,2478,76,12,1,0.0,3436.12
2025-04-18,YouTube Partner,638.85,20373,457,48,11,58.08,45326.05
2025-04-18,Email Nurture,0.0,1455,30,4,0,0.0,0.0
2025-04-19,Google Search,2044.47,73106,2367,223,53,38.57,168782.74
2025-04-19,LinkedIn Ads,1724.77,43418,2479,214,38,45.39,96100.09999999999
2025-04-19,Organic SEO,0.0,2718,99,14,3,0.0,5131.38
2025-04-19,YouTube Partner,1265.98,41980,1993,209,46,27.52,188402.66
2025-04-19,Email Nurture,0.0,4318,143,17,3,0.0,12538.47
2025-04-20,Google Search,1137.59,50762,2556,335,74,15.37,113763.15999999999
2025-04-20,LinkedIn Ads,2150.17,78797,4683,672,170,12.65,652667.4
2025-04-20,Organic SEO,0.0,2312,125,13,2,0.0,6849.84
2025-04-20,YouTube Partner,748.36,19229,699,76,18,41.58,69141.59999999999
2025-04-20,Email Nurture,0.0,2617,105,17,3,0.0,7348.5599999999995
2025-04-21,Google Search,1190.79,42788,1803,233,39,30.53,166131.41999999998
2025-04-21,LinkedIn Ads,1574.32,52196,2403,376,102,15.43,290548.02
2025-04-21,Organic SEO,0.0,4497,156,19,3,0.0,5615.01
2025-04-21,YouTube Partner,600.44,25583,955,115,14,42.89,39806.48
2025-04-21,Email Nurture,0.0,1463,85,6,0,0.0,0.0
2025-04-22,Google Search,307.31,8073,232,30,6,51.22,7878.36
2025-04-22,LinkedIn Ads,633.33,22162,969,91,16,39.58,66952.32
2025-04-22,Organic SEO,0.0,4540,237,23,4,0.0,9247.36
2025-04-22,YouTube Partner,1567.34,49078,1152,117,17,92.2,44411.82
2025-04-22,Email Nurture,0.0,3543,182,14,2,0.0,2439.1
2025-04-23,Google Search,1096.45,28796,1628,197,38,28.85,89471.38
2025-04-23,LinkedIn Ads,1661.89,67619,3105,480,127,13.09,514311.89999999997
2025-04-23,Organic SEO,0.0,3333,75,11,2,0.0,4310.68
2025-04-23,YouTube Partner,1744.28,58488,3249,534,108,16.15,376052.75999999995
2025-04-23,Email Nurture,0.0,2388,133,21,4,0.0,14050.0
2025-04-24,Google Search,1885.01,82661,4404,626,141,13.37,268652.94
2025-04-24,LinkedIn Ads,1728.97,57909,1512,242,48,36.02,212424.0
2025-04-24,Organic SEO,0.0,2040,120,14,1,0.0,1496.42
2025-04-24,YouTube Partner,1579.2,58410,2146,264,33,47.85,95851.8
2025-04-24,Email Nurture,0.0,4079,182,28,5,0.0,21370.8
2025-04-25,Google Search,1842.73,73632,2052,323,81,22.75,193766.58
2025-04-25,LinkedIn Ads,730.07,23874,1183,144,34,21.47,53541.84
2025-04-25,Organic SEO,0.0,3405,139,23,3,0.0,11560.68
2025-04-25,YouTube Partner,2031.91,55966,2011,195,31,65.55,64130.01
2025-04-25,Email Nurture,0.0,1765,37,4,0,0.0,0.0
2025-04-26,Google Search,499.89,15282,777,89,22,22.72,49597.240000000005
2025-04-26,LinkedIn Ads,618.0,20837,793,64,8,77.25,14482.08
2025-04-26,Organic SEO,0.0,2063,69,12,2,0.0,6541.86
2025-04-26,YouTube Partner,1051.87,33102,692,89,17,61.87,29254.28
2025-04-26,Email Nurture,0.0,4492,227,24,4,0.0,17894.6
2025-04-27,Google Search,1794.96,75078,2747,430,54,33.24,86702.93999999999
2025-04-27,LinkedIn Ads,706.91,23355,1257,144,32,22.09,113303.68
2025-04-27,Organic SEO,0.0,4260,214,23,4,0.0,7925.92
2025-04-27,YouTube Partner,1661.46,51554,3027,454,64,25.96,164805.76
2025-04-27,Email Nurture,0.0,2511,83,9,1,0.0,2332.05
2025-04-28,Google Search,1174.08,46268,1872,326,41,28.64,117265.33
2025-04-28,LinkedIn Ads,1564.51,67905,1491,204,52,30.09,103914.72
2025-04-28,Organic SEO,0.0,1736,40,3,0,0.0,0.0
2025-04-28,YouTube Partner,2482.54,94466,2120,281,56,44.33,93842.0
2025-04-28,Email Nurture,0.0,3335,130,12,1,0.0,1412.82
2025-04-29,Google Search,1542.16,57739,2322,375,96,16.06,310229.76
2025-04-29,LinkedIn Ads,278.7,10842,398,54,12,23.22,28269.36
2025-04-29,Organic SEO,0.0,3154,153,15,2,0.0,8450.92
2025-04-29,YouTube Partner,1510.39,42406,2193,376,55,27.46,214360.3
2025-04-29,Email Nurture,0.0,2844,107,8,1,0.0,3874.43
2025-04-30,Google Search,1801.83,71167,3410,378,51,35.33,107056.14
2025-04-30,LinkedIn Ads,2121.52,94639,3762,304,43,49.34,97303.40999999999
2025-04-30,Organic SEO,0.0,4093,236,31,5,0.0,8609.1
2025-04-30,YouTube Partner,1011.68,25707,887,118,30,33.72,104050.20000000001
2025-04-30,Email Nurture,0.0,3387,142,25,5,0.0,18819.6
2025-05-01,Google Search,2213.04,64870,1514,194,39,56.74,153515.7
2025-05-01,LinkedIn Ads,1248.51,45467,1867,156,34,36.72,133706.36
2025-05-01,Organic SEO,0.0,2389,116,9,1,0.0,3996.44
2025-05-01,YouTube Partner,1053.02,28606,1053,160,21,50.14,39479.16
2025-05-01,Email Nurture,0.0,2529,115,10,2,0.0,4969.16
2025-05-02,Google Search,955.08,32708,1164,193,51,18.73,112271.40000000001
2025-05-02,LinkedIn Ads,2193.86,89137,5101,533,113,19.41,237978.0
2025-05-02,Organic SEO,0.0,4108,110,17,4,0.0,16351.6
2025-05-02,YouTube Partner,309.86,11229,320,36,8,38.73,14669.68
2025-05-02,Email Nurture,0.0,4650,176,14,2,0.0,6766.06
2025-05-03,Google Search,1581.81,62838,2692,233,32,49.43,101387.84
2025-05-03,LinkedIn Ads,868.7,23101,858,116,20,43.44,71548.59999999999
2025-05-03,Organic SEO,0.0,2870,100,10,2,0.0,7506.08
2025-05-03,YouTube Partner,1275.14,47483,1659,249,63,20.24,218683.71
2025-05-03,Email Nurture,0.0,4644,202,21,3,0.0,6969.8099999999995
2025-05-04,Google Search,1322.28,40886,1659,160,44,30.05,68470.6
2025-05-04,LinkedIn Ads,2346.87,101552,4165,635,120,19.56,393493.2
2025-05-04,Organic SEO,0.0,4288,177,21,3,0.0,4771.71
2025-05-04,YouTube Partner,1961.53,85424,3274,477,127,15.45,190165.99
2025-05-04,Email Nurture,0.0,2677,64,10,1,0.0,3374.51
2025-05-05,Google Search,863.25,36628,1443,159,32,26.98,78734.72
2025-05-05,LinkedIn Ads,1519.68,41473,2483,304,53,28.67,187815.57
2025-05-05,Organic SEO,0.0,1957,83,6,1,0.0,2492.85
2025-05-05,YouTube Partner,1548.53,60467,2743,489,69,22.44,180650.97
2025-05-05,Email Nurture,0.0,2497,75,9,1,0.0,2510.85
2025-05-06,Google Search,1535.47,67656,2751,445,92,16.69,122782.28
2025-05-06,LinkedIn Ads,958.77,35005,2031,336,52,18.44,100170.72
2025-05-06,Organic SEO,0.0,1798,77,13,3,0.0,10944.150000000001
2025-05-06,YouTube Partner,1908.24,54500,2887,310,83,22.99,199474.72999999998
2025-05-06,Email Nurture,0.0,1646,91,14,2,0.0,5813.2
2025-05-07,Google Search,1082.5,43100,2213,345,81,13.36,151863.66
2025-05-07,LinkedIn Ads,1010.43,34755,1154,179,30,33.68,49685.100000000006
2025-05-07,Organic SEO,0.0,2172,117,18,2,0.0,4900.66
2025-05-07,YouTube Partner,328.11,8872,390,65,9,36.46,24197.31
2025-05-07,Email Nurture,0.0,4328,101,17,3,0.0,9306.42
2025-05-08,Google Search,2032.01,63980,3112,291,48,42.33,80522.4
2025-05-08,LinkedIn Ads,2075.27,61122,2976,518,105,19.76,313120.5
2025-05-08,Organic SEO,0.0,4210,91,12,2,0.0,5054.06
2025-05-08,YouTube Partner,1698.76,61176,1836,219,41,41.43,168297.62
2025-05-08,Email Nurture,0.0,1359,48,8,1,0.0,3183.57
2025-05-09,Google Search,1847.06,81292,2421,374,76,24.3,158554.24
2025-05-09,LinkedIn Ads,1997.37,71994,3343,375,73,27.36,236320.71
2025-05-09,Organic SEO,0.0,4331,179,24,3,0.0,5285.67
2025-05-09,YouTube Partner,1674.1,55910,2254,194,49,34.17,185654.63
2025-05-09,Email Nurture,0.0,4185,166,15,2,0.0,3516.08
2025-05-10,Google Search,533.81,23302,1029,150,27,19.77,113390.28000000001
2025-05-10,LinkedIn Ads,1685.34,68059,2364,416,104,16.21,417875.12
2025-05-10,Organic SEO,0.0,4378,148,13,2,0.0,5293.7
2025-05-10,YouTube Partner,318.16,12857,576,80,16,19.89,50368.48
2025-05-10,Email Nurture,0.0,3679,156,12,2,0.0,5092.04
2025-05-11,Google Search,506.38,19507,937,142,33,15.34,39605.61
2025-05-11,LinkedIn Ads,2396.32,98930,5555,453,122,19.64,472420.60000000003
2025-05-11,Organic SEO,0.0,4909,138,22,4,0.0,6820.16
2025-05-11,YouTube Partner,1387.57,46156,2541,235,61,22.75,176308.30000000002
2025-05-11,Email Nurture,0.0,4640,106,13,2,0.0,7626.58
2025-05-12,Google Search,1561.79,67435,3889,336,61,25.6,77922.01000000001
2025-05-12,LinkedIn Ads,991.19,35422,1998,328,46,21.55,69322.0
2025-05-12,Organic SEO,0.0,3602,128,13,3,0.0,8068.950000000001
2025-05-12,YouTube Partner,1378.26,48813,1851,195,27,51.05,41179.590000000004
2025-05-12,Email Nurture,0.0,1283,73,9,2,0.0,4823.34
2025-05-13,Google Search,292.48,7900,314,46,7,41.78,24465.77
2025-05-13,LinkedIn Ads,1821.93,71198,2826,484,95,19.18,255158.6
2025-05-13,Organic SEO,0.0,4797,154,12,2,0.0,4040.34
2025-05-13,YouTube Partner,934.35,37762,1249,130,19,49.18,71383.57
2025-05-13,Email Nurture,0.0,4757,143,22,4,0.0,9166.48
2025-05-14,Google Search,651.99,26279,1352,184,50,13.04,112497.0
2025-05-14,LinkedIn Ads,744.14,28686,1443,147,19,39.17,73619.3
2025-05-14,Organic SEO,0.0,3379,106,14,1,0.0,1463.3
2025-05-14,YouTube Partner,1190.43,52210,2551,226,57,20.88,206145.63
2025-05-14,Email Nurture,0.0,4733,210,26,5,0.0,19121.05
2025-05-15,Google Search,2430.33,83471,3584,446,101,24.06,331152.74
2025-05-15,LinkedIn Ads,290.13,10393,244,20,4,72.53,8214.16
2025-05-15,Organic SEO,0.0,4234,170,26,3,0.0,6098.91
2025-05-15,YouTube Partner,1896.5,53660,1827,194,34,55.78,120273.98
2025-05-15,Email Nurture,0.0,4168,234,32,6,0.0,22757.88
2025-05-16,Google Search,2381.95,76500,2294,324,64,37.22,285715.84
2025-05-16,LinkedIn Ads,1290.31,34175,2019,331,49,26.33,205074.8
2025-05-16,Organic SEO,0.0,1406,67,10,1,0.0,3564.37
2025-05-16,YouTube Partner,1119.61,32720,1482,263,44,25.45,119732.79999999999
2025-05-16,Email Nurture,0.0,3891,185,31,6,0.0,14781.599999999999
2025-05-17,Google Search,815.11,30227,1668,187,34,23.97,86423.24
2025-05-17,LinkedIn Ads,1511.83,44702,2364,259,60,25.2,173616.6
2025-05-17,Organic SEO,0.0,1898,50,8,1,0.0,2916.27
2025-05-17,YouTube Partner,2118.06,70711,1962,212,42,50.43,124042.37999999999
2025-05-17,Email Nurture,0.0,4157,123,17,3,0.0,9863.7
2025-05-18,Google Search,2191.48,58287,2979,385,80,27.39,268637.6
2025-05-18,LinkedIn Ads,2325.9,60785,1287,125,34,68.41,121031.5
2025-05-18,Organic SEO,0.0,4982,206,34,9,0.0,18699.39
2025-05-18,YouTube Partner,1289.82,46411,2690,483,76,16.97,273526.28
2025-05-18,Email Nurture,0.0,2437,76,11,2,0.0,3251.64
2025-05-19,Google Search,1434.67,47221,1285,210,25,57.39,55750.5
2025-05-19,LinkedIn Ads,278.34,7492,238,20,4,69.58,5946.6
2025-05-19,Organic SEO,0.0,1509,70,10,1,0.0,2743.75
2025-05-19,YouTube Partner,409.46,15135,462,61,12,34.12,51004.44
2025-05-19,Email Nurture,0.0,3190,142,16,4,0.0,5200.48
2025-05-20,Google Search,2496.85,93563,3962,340,55,45.4,233826.45
2025-05-20,LinkedIn Ads,1047.05,40031,2401,255,54,19.39,188904.96
2025-05-20,Organic SEO,0.0,1963,39,5,0,0.0,0.0
2025-05-20,YouTube Partner,784.41,25570,998,84,23,34.1,81949.23000000001
2025-05-20,Email Nurture,0.0,3428,89,14,3,0.0,6401.88
2025-05-21,Google Search,1235.42,39656,908,133,33,37.44,72801.3
2025-05-21,LinkedIn Ads,2477.9,65706,3053,381,72,34.42,195136.56
2025-05-21,Organic SEO,0.0,3232,188,32,8,0.0,23121.28
2025-05-21,YouTube Partner,1060.32,36369,1731,291,44,24.1,186121.76
2025-05-21,Email Nurture,0.0,2943,134,16,2,0.0,4865.98
2025-05-22,Google Search,1799.73,69145,1825,147,35,51.42,54285.35
2025-05-22,LinkedIn Ads,435.29,10905,406,52,11,39.57,23947.11
2025-05-22,Organic SEO,0.0,2462,83,8,1,0.0,2732.1
2025-05-22,YouTube Partner,1364.46,45782,2666,270,54,25.27,195958.44
2025-05-22,Email Nurture,0.0,3999,236,31,8,0.0,14337.36
2025-05-23,Google Search,307.2,7922,344,29,7,43.89,11678.66
2025-05-23,LinkedIn Ads,935.63,38782,1114,116,25,37.43,52777.0
2025-05-23,Organic SEO,0.0,2725,97,10,2,0.0,8598.12
2025-05-23,YouTube Partner,1761.43,46668,1793,303,40,44.04,178531.6
2025-05-23,Email Nurture,0.0,2792,137,24,3,0.0,5851.049999999999
2025-05-24,Google Search,757.81,19262,850,125,27,28.07,38754.99
2025-05-24,LinkedIn Ads,405.77,11851,374,59,8,50.72,10764.0
2025-05-24,Organic SEO,0.0,4660,120,10,1,0.0,4349.68
2025-05-24,YouTube Partner,510.27,22413,1105,158,35,14.58,137487.0
2025-05-24,Email Nurture,0.0,3673,113,14,3,0.0,12329.04
2025-05-25,Google Search,2137.07,78309,2345,342,79,27.05,97587.12
2025-05-25,LinkedIn Ads,1238.22,51838,2051,227,58,21.35,99435.78
2025-05-25,Organic SEO,0.0,3312,73,8,1,0.0,3569.19
2025-05-25,YouTube Partner,1921.35,49987,1441,154,31,61.98,51983.9
2025-05-25,Email Nurture,0.0,3460,90,10,1,0.0,2885.44
2025-05-26,Google Search,1273.78,51388,2383,296,46,27.69,165537.9
2025-05-26,LinkedIn Ads,1842.69,51716,2926,252,32,57.58,58184.32
2025-05-26,Organic SEO,0.0,4347,90,14,2,0.0,2689.78
2025-05-26,YouTube Partner,1720.82,69656,3660,473,72,23.9,261565.19999999998
2025-05-26,Email Nurture,0.0,2592,100,12,2,0.0,8814.7
2025-05-27,Google Search,2163.1,84636,2676,258,68,31.81,176538.2
2025-05-27,LinkedIn Ads,877.2,30191,1712,203,42,20.89,161691.18
2025-05-27,Organic SEO,0.0,4959,272,23,4,0.0,6888.76
2025-05-27,YouTube Partner,1814.55,49200,2292,248,37,49.04,158728.52
2025-05-27,Email Nurture,0.0,2940,129,20,4,0.0,7349.68
2025-05-28,Google Search,1752.83,47097,1898,182,33,53.12,130311.72
2025-05-28,LinkedIn Ads,2471.13,77492,3198,419,114,21.68,316843.62
2025-05-28,Organic SEO,0.0,3364,191,22,5,0.0,21138.05
2025-05-28,YouTube Partner,2343.99,71278,2567,428,75,31.25,238563.0
2025-05-28,Email Nurture,0.0,1696,84,7,1,0.0,3530.57
2025-05-29,Google Search,2010.97,68586,3286,390,56,35.91,140777.84
2025-05-29,LinkedIn Ads,1554.93,68356,1555,203,35,44.43,100710.04999999999
2025-05-29,Organic SEO,0.0,1536,35,6,0,0.0,0.0
2025-05-29,YouTube Partner,1290.3,42906,1298,105,17,75.9,26537.34
2025-05-29,Email Nurture,0.0,2418,86,14,2,0.0,6043.32
2025-05-30,Google Search,769.62,30684,1266,203,49,15.71,93566.48
2025-05-30,LinkedIn Ads,1860.18,76269,2581,251,30,62.01,80639.4
2025-05-30,Organic SEO,0.0,3257,130,12,1,0.0,3337.31
2025-05-30,YouTube Partner,1198.95,33493,1311,107,25,47.96,36070.5
2025-05-30,Email Nurture,0.0,3016,146,22,4,0.0,14225.96
2025-05-31,Google Search,1905.85,52916,3103,503,76,25.08,137889.84
2025-05-31,LinkedIn Ads,532.74,14792,738,93,22,24.22,80578.08
2025-05-31,Organic SEO,0.0,2753,135,17,3,0.0,7514.039999999999
2025-05-31,YouTube Partner,1978.47,66286,2538,334,84,23.55,283579.8
2025-05-31,Email Nurture,0.0,2031,104,11,1,0.0,4278.17
2025-06-01,Google Search,1026.65,27852,1105,173,26,39.49,54322.32000000001
2025-06-01,LinkedIn Ads,796.11,35692,995,136,36,22.11,60651.36
2025-06-01,Organic SEO,0.0,2875,133,20,3,0.0,11722.92
2025-06-01,YouTube Partner,350.59,14061,431,55,13,26.97,27241.24
2025-06-01,Email Nurture,0.0,1828,67,10,1,0.0,2973.83
2025-06-02,Google Search,2489.11,82096,3662,426,77,32.33,269161.97000000003
2025-06-02,LinkedIn Ads,2360.25,84608,4292,381,58,40.69,165707.74000000002
2025-06-02,Organic SEO,0.0,4544,105,16,3,0.0,3977.37
2025-06-02,YouTube Partner,1348.22,52904,2896,502,86,15.68,141749.5
2025-06-02,Email Nurture,0.0,4592,236,23,3,0.0,10290.539999999999
2025-06-03,Google Search,1509.74,61587,3051,434,120,12.58,355302.0
2025-06-03,LinkedIn Ads,504.49,20969,630,99,27,18.68,94484.61
2025-06-03,Organic SEO,0.0,4987,104,13,2,0.0,6681.06
2025-06-03,YouTube Partner,1873.5,79168,3088,554,153,12.25,629005.95
2025-06-03,Email Nurture,0.0,2665,110,17,3,0.0,7652.52
2025-06-04,Google Search,2264.68,63980,3827,351,42,53.92,173756.52000000002
2025-06-04,LinkedIn Ads,801.15,31720,1663,275,76,10.54,164945.08
2025-06-04,Organic SEO,0.0,1700,80,12,3,0.0,4438.799999999999
2025-06-04,YouTube Partner,1651.69,41516,902,153,31,53.28,112482.88
2025-06-04,Email Nurture,0.0,1245,67,8,1,0.0,3049.78
2025-06-05,Google Search,997.17,28019,1511,199,53,18.81,204572.05
2025-06-05,LinkedIn Ads,1809.19,45411,1685,168,44,41.12,78149.72
2025-06-05,Organic SEO,0.0,4107,115,17,3,0.0,5301.39
2025-06-05,YouTube Partner,838.66,29291,1076,169,40,20.97,123844.0
2025-06-05,Email Nurture,0.0,3351,142,16,4,0.0,5524.76
2025-06-06,Google Search,1765.13,75592,3942,387,64,27.58,228240.64
2025-06-06,LinkedIn Ads,439.61,18128,883,135,18,24.42,64234.98
2025-06-06,Organic SEO,0.0,3017,160,13,1,0.0,2430.92
2025-06-06,YouTube Partner,584.77,21149,1199,142,36,16.24,43228.44
2025-06-06,Email Nurture,0.0,2879,124,14,1,0.0,1621.16
2025-06-07,Google Search,1947.02,67037,1742,185,50,38.94,120577.0
2025-06-07,LinkedIn Ads,2292.28,71273,2974,244,49,46.78,161793.59
2025-06-07,Organic SEO,0.0,4106,97,12,3,0.0,11868.78
2025-06-07,YouTube Partner,2260.28,93721,2260,232,27,83.71,59442.659999999996
2025-06-07,Email Nurture,0.0,1662,85,12,1,0.0,3919.14
2025-06-08,Google Search,1773.48,51392,1191,194,25,70.94,37536.75
2025-06-08,LinkedIn Ads,1211.67,33558,1897,240,50,24.23,213137.5
2025-06-08,Organic SEO,0.0,2402,85,8,1,0.0,2353.26
2025-06-08,YouTube Partner,1919.06,77019,3594,371,79,24.29,243579.12000000002
2025-06-08,Email Nurture,0.0,4917,266,21,3,0.0,10902.27
2025-06-09,Google Search,1599.37,45664,1468,166,35,45.7,138049.45
2025-06-09,LinkedIn Ads,2348.11,93928,5045,640,116,20.24,289529.04
2025-06-09,Organic SEO,0.0,2094,95,10,2,0.0,4459.2
2025-06-09,YouTube Partner,2297.1,97415,4123,463,77,29.83,100891.56
2025-06-09,Email Nurture,0.0,1885,43,5,1,0.0,2800.74
2025-06-10,Google Search,2288.75,95441,2471,372,70,32.7,141806.69999999998
2025-06-10,LinkedIn Ads,1795.61,71560,1946,333,79,22.73,338131.06
2025-06-10,Organic SEO,0.0,2717,57,8,1,0.0,3706.31
2025-06-10,YouTube Partner,2243.67,88805,5071,574,115,19.51,143342.9
2025-06-10,Email Nurture,0.0,3493,148,18,4,0.0,12774.24
2025-06-11,Google Search,1935.78,84645,3695,300,37,52.32,130155.64
2025-06-11,LinkedIn Ads,877.94,32121,902,96,19,46.21,83968.22
2025-06-11,Organic SEO,0.0,2993,167,24,4,0.0,16596.16
2025-06-11,YouTube Partner,905.91,32843,787,135,19,47.68,36901.04
2025-06-11,Email Nurture,0.0,1545,69,8,1,0.0,2413.7
2025-06-12,Google Search,307.26,11631,647,109,25,12.29,68426.0
2025-06-12,LinkedIn Ads,1402.07,38891,1308,129,32,43.81,134998.08
2025-06-12,Organic SEO,0.0,4660,141,11,2,0.0,3917.74
2025-06-12,YouTube Partner,583.3,22210,1049,162,32,18.23,132812.16
2025-06-12,Email Nurture,0.0,3394,202,20,2,0.0,4624.22
2025-06-13,Google Search,540.26,19159,868,119,19,28.43,79783.28
2025-06-13,LinkedIn Ads,297.64,9512,463,72,13,22.9,16325.4
2025-06-13,Organic SEO,0.0,4352,159,24,3,0.0,5790.63
2025-06-13,YouTube Partner,613.19,19891,1071,174,31,19.78,97466.79000000001
2025-06-13,Email Nurture,0.0,4032,129,13,2,0.0,6405.28
2025-06-14,Google Search,1349.75,44757,1273,163,28,48.21,83643.56
2025-06-14,LinkedIn Ads,1769.18,66638,2565,347,57,31.04,72959.43000000001
2025-06-14,Organic SEO,0.0,2856,67,6,0,0.0,0.0
2025-06-14,YouTube Partner,461.97,18518,385,40,10,46.2,35711.5
2025-06-14,Email Nurture,0.0,4654,253,23,5,0.0,6256.799999999999
2025-06-15,Google Search,1703.42,57398,1608,145,27,63.09,43386.57
2025-06-15,LinkedIn Ads,1344.5,50424,2677,395,51,26.36,112941.03000000001
2025-06-15,Organic SEO,0.0,3068,118,20,3,0.0,9786.72
2025-06-15,YouTube Partner,2004.59,81543,3324,551,100,20.05,413268.99999999994
2025-06-15,Email Nurture,0.0,3006,117,15,2,0.0,5955.9
2025-06-16,Google Search,829.73,26820,1002,93,17,48.81,65867.35
2025-06-16,LinkedIn Ads,2113.13,70222,2861,238,54,39.13,136900.8
2025-06-16,Organic SEO,0.0,2033,81,10,2,0.0,3323.46
2025-06-16,YouTube Partner,1404.57,41924,1147,99,23,61.07,60042.88
2025-06-16,Email Nurture,0.0,3351,125,15,2,0.0,5954.66
2025-06-17,Google Search,813.5,34834,1160,109,14,58.11,17420.2
2025-06-17,LinkedIn Ads,1201.43,34543,720,95,21,57.21,31142.58
2025-06-17,Organic SEO,0.0,3076,175,26,6,0.0,11188.92
2025-06-17,YouTube Partner,776.94,27523,739,81,13,59.76,22448.14
2025-06-17,Email Nurture,0.0,4440,217,31,7,0.0,19444.039999999997
2025-06-18,Google Search,1386.76,58277,2752,467,122,11.37,539535.24
2025-06-18,LinkedIn Ads,1825.48,63975,1705,256,42,43.46,89616.66
2025-06-18,Organic SEO,0.0,4628,271,28,3,0.0,9001.53
2025-06-18,YouTube Partner,1840.28,75098,2083,221,44,41.82,100803.12
2025-06-18,Email Nurture,0.0,4042,185,23,6,0.0,8860.14
2025-06-19,Google Search,1030.86,34411,711,82,13,79.3,37308.96
2025-06-19,LinkedIn Ads,1006.92,39797,1607,149,35,28.77,53461.1
2025-06-19,Organic SEO,0.0,4568,94,14,2,0.0,2667.22
2025-06-19,YouTube Partner,1156.5,50544,1034,143,28,41.3,114300.76000000001
2025-06-19,Email Nurture,0.0,1946,60,6,1,0.0,3554.41
2025-06-20,Google Search,2333.97,62477,3634,625,80,29.17,191124.8
2025-06-20,LinkedIn Ads,2079.57,77425,3961,601,119,17.48,158986.38
2025-06-20,Organic SEO,0.0,3722,167,27,4,0.0,10481.56
2025-06-20,YouTube Partner,1171.42,38064,2170,353,48,24.4,74726.88
2025-06-20,Email Nurture,0.0,4084,108,18,4,0.0,5583.28
2025-06-21,Google Search,1729.53,73785,3178,366,91,19.01,344188.39
2025-06-21,LinkedIn Ads,1474.41,41412,1243,191,47,31.37,99714.26
2025-06-21,Organic SEO,0.0,2509,150,15,3,0.0,12589.560000000001
2025-06-21,YouTube Partner,780.3,33681,1090,193,31,25.17,134736.54
2025-06-21,Email Nurture,0.0,3808,135,23,4,0.0,12121.96
2025-06-22,Google Search,430.76,17576,648,103,16,26.92,41506.88
2025-06-22,LinkedIn Ads,2019.74,89833,2010,324,54,37.4,162942.3
2025-06-22,Organic SEO,0.0,4417,214,29,3,0.0,10470.51
2025-06-22,YouTube Partner,624.43,25431,762,92,16,39.03,64545.44
2025-06-22,Email Nurture,0.0,3157,156,27,5,0.0,19687.1
2025-06-23,Google Search,2443.91,103791,3018,243,48,50.91,141767.52
2025-06-23,LinkedIn Ads,702.81,21571,1091,138,23,30.56,74857.41
2025-06-23,Organic SEO,0.0,2085,73,6,1,0.0,4104.43
2025-06-23,YouTube Partner,2247.45,99232,5428,435,78,28.81,304292.82
2025-06-23,Email Nurture,0.0,1661,55,8,1,0.0,4402.98
2025-06-24,Google Search,1498.6,42947,1084,150,33,45.41,45374.67
2025-06-24,LinkedIn Ads,796.75,32594,716,118,26,30.64,68473.59999999999
2025-06-24,Organic SEO,0.0,1882,104,10,1,0.0,4419.5
2025-06-24,YouTube Partner,2203.73,94462,5238,702,156,14.13,467953.19999999995
2025-06-24,Email Nurture,0.0,4259,229,25,4,0.0,10387.92
2025-06-25,Google Search,1658.9,50987,2996,422,77,21.54,256296.81000000003
2025-06-25,LinkedIn Ads,1139.66,47131,2013,169,25,45.59,101362.0
2025-06-25,Organic SEO,0.0,2198,112,11,1,0.0,4295.36
2025-06-25,YouTube Partner,2107.76,82109,1912,232,48,43.91,87286.08
2025-06-25,Email Nurture,0.0,3797,148,22,3,0.0,6499.77
2025-06-26,Google Search,1028.75,41082,2213,260,43,23.92,177812.31
2025-06-26,LinkedIn Ads,2498.57,95962,5719,834,197,12.68,489064.32
2025-06-26,Organic SEO,0.0,2761,105,12,2,0.0,7413.1
2025-06-26,YouTube Partner,2169.21,96436,2957,448,82,26.45,281618.33999999997
2025-06-26,Email Nurture,0.0,4222,252,38,10,0.0,39554.0
2025-06-27,Google Search,2281.53,94200,3614,380,68,33.55,86141.04
2025-06-27,LinkedIn Ads,1428.98,50158,2056,364,96,14.89,166430.40000000002
2025-06-27,Organic SEO,0.0,2662,153,14,1,0.0,1371.89
2025-06-27,YouTube Partner,1231.09,46120,2473,366,56,21.98,152535.04
2025-06-27,Email Nurture,0.0,2569,81,6,1,0.0,2372.94
2025-06-28,Google Search,815.9,31733,1611,168,21,38.85,84018.48
2025-06-28,LinkedIn Ads,272.41,11915,537,60,9,30.27,11067.48
2025-06-28,Organic SEO,0.0,3971,174,26,4,0.0,11525.16
2025-06-28,YouTube Partner,1931.14,66143,2913,463,71,27.2,100647.47
2025-06-28,Email Nurture,0.0,2712,88,14,2,0.0,5389.78
2025-06-29,Google Search,1403.99,55121,1705,157,32,43.87,72928.96
2025-06-29,LinkedIn Ads,1245.61,47257,1879,266,55,22.65,200273.15
2025-06-29,Organic SEO,0.0,1993,114,15,4,0.0,5982.92
2025-06-29,YouTube Partner,534.76,22210,1212,150,35,15.28,142202.9
2025-06-29,Email Nurture,0.0,4309,215,33,8,0.0,11029.12
2025-06-30,Google Search,1592.93,53453,1775,158,33,48.27,91767.39
2025-06-30,LinkedIn Ads,485.25,18075,895,140,37,13.11,94396.25
2025-06-30,Organic SEO,0.0,2158,96,12,1,0.0,2460.55
2025-06-30,YouTube Partner,1473.09,50614,1269,183,24,61.38,58752.96
2025-06-30,Email Nurture,0.0,4189,227,25,6,0.0,9533.64
2025-07-01,Google Search,2406.07,64531,1886,159,37,65.03,148221.63
2025-07-01,LinkedIn Ads,1226.66,53446,2330,333,85,14.43,185252.4
2025-07-01,Organic SEO,0.0,3383,98,10,1,0.0,3354.28
2025-07-01,YouTube Partner,2176.33,66906,1829,215,56,38.86,69022.23999999999
2025-07-01,Email Nurture,0.0,4323,178,19,2,0.0,8311.3
2025-07-02,Google Search,2056.02,57137,2918,416,77,26.7,156946.79
2025-07-02,LinkedIn Ads,2184.39,85199,3570,503,67,32.6,185183.98
2025-07-02,Organic SEO,0.0,3164,89,15,2,0.0,4546.46
2025-07-02,YouTube Partner,2327.62,77619,4541,374,63,36.95,214101.72
2025-07-02,Email Nurture,0.0,2142,107,10,1,0.0,2485.51
2025-07-03,Google Search,1400.42,61032,3355,313,46,30.44,109489.66
2025-07-03,LinkedIn Ads,904.17,33721,1892,333,74,12.22,293478.82
2025-07-03,Organic SEO,0.0,2949,65,8,1,0.0,3237.06
2025-07-03,YouTube Partner,1161.6,36111,1708,281,64,18.15,273660.16
2025-07-03,Email Nurture,0.0,2510,125,13,2,0.0,8302.4
2025-07-04,Google Search,1319.19,57915,1655,144,37,35.65,147901.94999999998
2025-07-04,LinkedIn Ads,2483.33,95826,5506,895,228,10.89,701822.76
2025-07-04,Organic SEO,0.0,2580,113,11,2,0.0,4212.68
2025-07-04,YouTube Partner,1893.93,78883,3833,586,118,16.05,418898.81999999995
2025-07-04,Email Nurture,0.0,2762,70,5,0,0.0,0.0
2025-07-05,Google Search,473.19,20431,584,58,8,59.15,9969.12
2025-07-05,LinkedIn Ads,1986.56,84430,3762,371,61,32.57,169004.16
2025-07-05,Organic SEO,0.0,2282,77,7,1,0.0,1543.24
2025-07-05,YouTube Partner,1122.34,33133,1784,197,54,20.78,71681.22
2025-07-05,Email Nurture,0.0,2929,84,13,3,0.0,4307.37
2025-07-06,Google Search,323.04,12886,326,30,3,107.68,4093.1099999999997
2025-07-06,LinkedIn Ads,843.27,22178,770,125,21,40.16,75638.84999999999
2025-07-06,Organic SEO,0.0,4223,104,14,2,0.0,8605.16
2025-07-06,YouTube Partner,1964.66,87329,1877,203,30,65.49,37104.299999999996
2025-07-06,Email Nurture,0.0,1281,60,6,1,0.0,4129.8
2025-07-07,Google Search,1810.96,59567,2078,260,38,47.66,125103.59999999999
2025-07-07,LinkedIn Ads,1069.34,44962,2259,318,56,19.1,105995.68
2025-07-07,Organic SEO,0.0,2095,107,10,1,0.0,2500.02
2025-07-07,YouTube Partner,1625.46,42082,2107,185,41,39.65,51697.310000000005
2025-07-07,Email Nurture,0.0,4715,257,32,3,0.0,7821.780000000001
2025-07-08,Google Search,1613.94,58352,2687,256,57,28.31,102756.75
2025-07-08,LinkedIn Ads,1938.68,61614,2981,252,46,42.15,162224.06
2025-07-08,Organic SEO,0.0,4960,256,36,7,0.0,16566.97
2025-07-08,YouTube Partner,1335.52,49343,1919,287,54,24.73,100845.0
2025-07-08,Email Nurture,0.0,4621,142,20,4,0.0,6966.76
2025-07-09,Google Search,1245.65,43444,1411,180,30,41.52,71714.09999999999
2025-07-09,LinkedIn Ads,1756.0,66116,1936,328,84,20.9,241917.47999999998
2025-07-09,Organic SEO,0.0,2552,85,13,1,0.0,1772.13
2025-07-09,YouTube Partner,1016.97,33732,1145,179,24,42.37,56616.479999999996
2025-07-09,Email Nurture,0.0,4341,178,31,6,0.0,20226.12
2025-07-10,Google Search,393.8,11152,357,47,11,35.8,24860.99
2025-07-10,LinkedIn Ads,1051.86,31685,956,167,37,28.43,63435.39
2025-07-10,Organic SEO,0.0,3364,94,11,2,0.0,2764.44
2025-07-10,YouTube Partner,2397.93,66114,3166,413,51,47.02,216835.17
2025-07-10,Email Nurture,0.0,3800,92,16,2,0.0,2795.18
2025-07-11,Google Search,2413.75,86844,4504,380,80,30.17,201127.2
2025-07-11,LinkedIn Ads,1986.92,51199,1846,295,60,33.12,180907.80000000002
2025-07-11,Organic SEO,0.0,3461,187,25,6,0.0,25768.98
2025-07-11,YouTube Partner,370.66,12980,454,64,15,24.71,31889.249999999996
2025-07-11,Email Nurture,0.0,2938,71,11,2,0.0,6074.68
2025-07-12,Google Search,1175.32,40203,990,145,27,43.53,105173.91
2025-07-12,LinkedIn Ads,691.65,20127,922,151,29,23.85,104369.54999999999
2025-07-12,Organic SEO,0.0,2734,118,12,3,0.0,6610.68
2025-07-12,YouTube Partner,1261.88,45270,1086,188,33,38.24,48396.81
2025-07-12,Email Nurture,0.0,2147,77,7,1,0.0,3694.53
2025-07-13,Google Search,1700.89,50497,2487,262,38,44.76,132209.6
2025-07-13,LinkedIn Ads,2146.27,74327,3066,338,67,32.03,109581.18
2025-07-13,Organic SEO,0.0,2294,74,9,1,0.0,3806.56
2025-07-13,YouTube Partner,1726.54,64184,2340,298,55,31.39,218853.25
2025-07-13,Email Nurture,0.0,3686,74,10,1,0.0,4137.38
2025-07-14,Google Search,2182.85,57920,1404,181,39,55.97,82180.79999999999
2025-07-14,LinkedIn Ads,1862.79,68733,2267,187,44,42.34,83982.36
2025-07-14,Organic SEO,0.0,1746,99,15,2,0.0,4089.48
2025-07-14,YouTube Partner,322.04,9962,432,52,14,23.0,19390.84
2025-07-14,Email Nurture,0.0,3125,87,7,0,0.0,0.0
2025-07-15,Google Search,1738.77,54285,1780,202,46,37.8,64024.64
2025-07-15,LinkedIn Ads,2340.51,68929,4134,401,97,24.13,187914.22
2025-07-15,Organic SEO,0.0,1291,27,4,1,0.0,1736.76
2025-07-15,YouTube Partner,1167.42,48588,2256,269,64,18.24,266256.64
2025-07-15,Email Nurture,0.0,2810,156,15,2,0.0,6207.6
2025-07-16,Google Search,1729.36,49965,1780,310,49,35.29,166873.91
2025-07-16,LinkedIn Ads,1915.34,65049,3740,574,110,17.41,338669.1
2025-07-16,Organic SEO,0.0,4597,231,31,5,0.0,12603.85
2025-07-16,YouTube Partner,1802.25,77716,1960,268,43,41.91,165314.79
2025-07-16,Email Nurture,0.0,1826,81,13,2,0.0,8144.72
2025-07-17,Google Search,1058.75,46091,2209,233,48,22.06,142032.0
2025-07-17,LinkedIn Ads,560.27,20631,672,57,15,37.35,49753.8
2025-07-17,Organic SEO,0.0,1778,83,14,1,0.0,1994.22
2025-07-17,YouTube Partner,2223.61,73168,2828,469,95,23.41,174654.65
2025-07-17,Email Nurture,0.0,2735,98,17,3,0.0,4015.8599999999997
2025-07-18,Google Search,2290.46,79454,3052,417,60,38.17,164895.0
2025-07-18,LinkedIn Ads,2120.04,53657,1658,133,24,88.33,86482.56
2025-07-18,Organic SEO,0.0,1532,88,12,1,0.0,4249.69
2025-07-18,YouTube Partner,1994.46,72774,3480,600,140,14.25,338189.6
2025-07-18,Email Nurture,0.0,2264,73,9,2,0.0,3511.34
2025-07-19,Google Search,1976.87,79052,3286,547,77,25.67,243711.16
2025-07-19,LinkedIn Ads,1261.02,42175,1269,148,20,63.05,40605.6
2025-07-19,Organic SEO,0.0,1547,84,13,1,0.0,1500.58
2025-07-19,YouTube Partner,360.54,11427,461,61,9,40.06,37874.43000000001
2025-07-19,Email Nurture,0.0,3330,194,24,5,0.0,6218.95
2025-07-20,Google Search,1482.58,59104,1694,145,21,70.6,55820.1
2025-07-20,LinkedIn Ads,1389.34,45317,1703,216,52,26.72,80459.59999999999
2025-07-20,Organic SEO,0.0,1222,56,9,2,0.0,2664.08
2025-07-20,YouTube Partner,997.7,34331,1118,167,42,23.75,151764.48
2025-07-20,Email Nurture,0.0,1774,105,9,1,0.0,2364.98
2025-07-21,Google Search,2430.96,76267,2775,397,49,49.61,203968.38
2025-07-21,LinkedIn Ads,1418.75,48714,2651,464,87,16.31,153908.22
2025-07-21,Organic SEO,0.0,1863,106,14,3,0.0,7949.099999999999
2025-07-21,YouTube Partner,1928.68,56116,1955,280,34,56.73,121860.08
2025-07-21,Email Nurture,0.0,3125,142,24,4,0.0,10218.8
2025-07-22,Google Search,2198.79,87618,5078,883,159,13.83,425332.95
2025-07-22,LinkedIn Ads,825.97,31562,1091,173,24,34.42,38019.12
2025-07-22,Organic SEO,0.0,1229,62,5,1,0.0,2748.63
2025-07-22,YouTube Partner,1030.21,43524,2357,193,41,25.13,98967.84999999999
2025-07-22,Email Nurture,0.0,1825,53,7,1,0.0,3697.72
2025-07-23,Google Search,357.13,15778,360,49,12,29.76,14871.36
2025-07-23,LinkedIn Ads,1371.66,43893,1896,194,25,54.87,81639.5
2025-07-23,Organic SEO,0.0,1641,88,13,3,0.0,10465.32
2025-07-23,YouTube Partner,2365.9,85385,3757,667,148,15.99,192636.8
2025-07-23,Email Nurture,0.0,2114,59,8,1,0.0,2462.54
2025-07-24,Google Search,983.12,29250,1211,208,47,20.92,171858.79
2025-07-24,LinkedIn Ads,2127.35,68144,1534,218,32,66.48,98490.88
2025-07-24,Organic SEO,0.0,4004,132,17,4,0.0,7798.36
2025-07-24,YouTube Partner,1126.66,41831,2100,357,95,11.86,357476.45
2025-07-24,Email Nurture,0.0,2184,54,9,2,0.0,3591.94
2025-07-25,Google Search,336.48,10263,547,59,7,48.07,9612.54
2025-07-25,LinkedIn Ads,1211.7,52874,1662,203,27,44.88,76377.33
2025-07-25,Organic SEO,0.0,3403,124,15,3,0.0,12933.449999999999
2025-07-25,YouTube Partner,850.89,28762,1490,210,28,30.39,91602.56
2025-07-25,Email Nurture,0.0,3954,83,10,1,0.0,2994.54
2025-07-26,Google Search,1759.66,44671,1790,248,43,40.92,146441.23
2025-07-26,LinkedIn Ads,763.4,23930,1400,160,28,27.26,88641.0
2025-07-26,Organic SEO,0.0,2938,143,24,6,0.0,13704.48
2025-07-26,YouTube Partner,2393.02,61016,2140,362,59,40.56,123969.03
2025-07-26,Email Nurture,0.0,3104,129,14,2,0.0,6319.06
2025-07-27,Google Search,718.11,22603,1027,172,35,20.52,129676.75
2025-07-27,LinkedIn Ads,1966.89,75306,2246,374,70,28.1,94213.0
2025-07-27,Organic SEO,0.0,3218,162,14,2,0.0,6981.9
2025-07-27,YouTube Partner,2258.35,85082,2458,209,45,50.19,61038.9
2025-07-27,Email Nurture,0.0,3811,184,25,4,0.0,12110.56
2025-07-28,Google Search,1894.09,48955,1001,125,17,111.42,57669.78
2025-07-28,LinkedIn Ads,731.62,24624,687,92,12,60.97,15315.0
2025-07-28,Organic SEO,0.0,2883,91,15,4,0.0,11049.36
2025-07-28,YouTube Partner,2055.52,81673,2604,223,31,66.31,122957.47
2025-07-28,Email Nurture,0.0,2258,99,12,2,0.0,8650.78
2025-07-29,Google Search,1606.54,58769,1720,145,39,41.19,87177.87
2025-07-29,LinkedIn Ads,1245.83,34002,1818,150,38,32.78,63191.72
2025-07-29,Organic SEO,0.0,4684,266,30,6,0.0,16369.74
2025-07-29,YouTube Partner,604.63,22254,1106,189,48,12.6,138386.88
2025-07-29,Email Nurture,0.0,1727,94,10,2,0.0,8645.64
2025-07-30,Google Search,576.02,16443,896,106,12,48.0,25245.36
2025-07-30,LinkedIn Ads,1594.67,65358,1655,150,40,39.87,147151.6
2025-07-30,Organic SEO,0.0,4237,91,10,1,0.0,1834.83
2025-07-30,YouTube Partner,1943.06,84992,1997,271,43,45.19,71332.7
2025-07-30,Email Nurture,0.0,2871,164,17,4,0.0,10516.6
2025-07-31,Google Search,2314.43,78696,3916,496,77,30.06,143055.22
2025-07-31,LinkedIn Ads,1207.22,48421,2140,318,52,23.22,145014.47999999998
2025-07-31,Organic SEO,0.0,4499,197,24,6,0.0,14253.84
2025-07-31,YouTube Partner,1631.27,50949,3037,378,83,19.65,134308.94
2025-07-31,Email Nurture,0.0,3657,173,19,3,0.0,5058.0
2025-08-01,Google Search,1268.27,54058,1991,326,69,18.38,126490.11
2025-08-01,LinkedIn Ads,1557.49,54698,1966,180,33,47.2,47523.96
2025-08-01,Organic SEO,0.0,4696,220,19,4,0.0,12462.84
2025-08-01,YouTube Partner,1587.74,48929,1500,234,37,42.91,98888.79000000001
2025-08-01,Email Nurture,0.0,1461,77,8,1,0.0,3423.25
2025-08-02,Google Search,267.46,9228,255,36,9,29.72,24592.77
2025-08-02,LinkedIn Ads,2089.37,73453,2925,506,132,15.83,500694.48
2025-08-02,Organic SEO,0.0,3978,98,10,2,0.0,6578.26
2025-08-02,YouTube Partner,1496.94,58541,2148,334,61,24.54,239547.0
2025-08-02,Email Nurture,0.0,2041,91,7,1,0.0,4453.67
2025-08-03,Google Search,476.56,15952,515,87,22,21.66,43657.020000000004
2025-08-03,LinkedIn Ads,432.67,16243,543,79,9,48.07,14761.98
2025-08-03,Organic SEO,0.0,3046,139,22,4,0.0,15755.44
2025-08-03,YouTube Partner,597.43,24766,1030,105,19,31.44,84747.22
2025-08-03,Email Nurture,0.0,1355,44,7,1,0.0,2484.11
2025-08-04,Google Search,1504.7,54974,1463,175,30,50.16,75689.4
2025-08-04,LinkedIn Ads,1962.5,68002,3917,428,79,24.84,299959.84
2025-08-04,Organic SEO,0.0,2361,80,14,2,0.0,3136.8
2025-08-04,YouTube Partner,1281.86,49915,2990,336,67,19.13,274897.64999999997
2025-08-04,Email Nurture,0.0,3973,213,35,5,0.0,11602.95
2025-08-05,Google Search,1004.25,25950,1139,188,34,29.54,123832.08
2025-08-05,LinkedIn Ads,1662.33,54047,1385,209,53,31.36,183555.96000000002
2025-08-05,Organic SEO,0.0,1727,49,4,0,0.0,0.0
2025-08-05,YouTube Partner,498.8,20833,879,130,35,14.25,51665.25
2025-08-05,Email Nurture,0.0,4791,245,28,4,0.0,9457.56
2025-08-06,Google Search,1701.99,61162,3042,346,66,25.79,101409.0
2025-08-06,LinkedIn Ads,414.38,14190,454,64,8,51.8,12814.64
2025-08-06,Organic SEO,0.0,2505,145,14,3,0.0,11641.17
2025-08-06,YouTube Partner,1778.04,66033,2812,467,117,15.2,187615.35
2025-08-06,Email Nurture,0.0,3870,129,14,1,0.0,1479.32
2025-08-07,Google Search,354.62,9652,325,45,6,59.1,24782.58
2025-08-07,LinkedIn Ads,2068.86,73259,3587,418,52,39.79,217583.6
2025-08-07,Organic SEO,0.0,1961,89,15,3,0.0,11629.11
2025-08-07,YouTube Partner,495.19,14862,829,125,27,18.34,91541.61
2025-08-07,Email Nurture,0.0,4323,144,23,4,0.0,11774.24
2025-08-08,Google Search,2413.3,75820,2970,478,115,20.99,238871.09999999998
2025-08-08,LinkedIn Ads,589.95,23016,697,120,16,36.87,36007.04
2025-08-08,Organic SEO,0.0,3626,189,22,5,0.0,11798.800000000001
2025-08-08,YouTube Partner,625.98,16067,569,96,15,41.73,28222.35
2025-08-08,Email Nurture,0.0,4488,154,15,4,0.0,8852.4
2025-08-09,Google Search,1146.42,44700,1418,229,30,38.21,114327.0
2025-08-09,LinkedIn Ads,1604.17,58487,2242,241,46,34.87,123514.14000000001
2025-08-09,Organic SEO,0.0,3775,215,36,8,0.0,32955.6
2025-08-09,YouTube Partner,969.21,31617,1408,200,39,24.85,98364.63
2025-08-09,Email Nurture,0.0,1231,65,8,2,0.0,8251.48
2025-08-10,Google Search,304.4,9940,408,60,9,33.82,18288.63
2025-08-10,LinkedIn Ads,1107.85,38795,2251,351,66,16.79,91041.06000000001
2025-08-10,Organic SEO,0.0,3840,230,26,4,0.0,16130.28
2025-08-10,YouTube Partner,2496.88,93864,4862,769,136,18.36,420932.24
2025-08-10,Email Nurture,0.0,3299,191,16,1,0.0,4117.69
2025-08-11,Google Search,1933.33,86700,3110,378,55,35.15,87026.5
2025-08-11,LinkedIn Ads,1552.12,50111,1163,196,29,53.52,106439.56999999999
2025-08-11,Organic SEO,0.0,1732,100,12,1,0.0,3606.58
2025-08-11,YouTube Partner,989.9,37685,1175,161,39,25.38,166234.77000000002
2025-08-11,Email Nurture,0.0,3896,84,8,1,0.0,1792.99
2025-08-12,Google Search,2432.92,87665,3394,605,126,19.31,426092.94
2025-08-12,LinkedIn Ads,998.73,32600,1427,124,19,52.56,35140.12
2025-08-12,Organic SEO,0.0,2962,73,10,1,0.0,1880.28
2025-08-12,YouTube Partner,1156.2,30661,1466,154,26,44.47,41588.82
2025-08-12,Email Nurture,0.0,4460,224,19,2,0.0,8827.98
2025-08-13,Google Search,685.11,28392,1205,128,18,38.06,51102.72
2025-08-13,LinkedIn Ads,1166.55,45469,2553,409,67,17.41,274732.16
2025-08-13,Organic SEO,0.0,1736,84,9,1,0.0,2645.39
2025-08-13,YouTube Partner,941.79,42096,2212,213,25,37.67,33529.5
2025-08-13,Email Nurture,0.0,1503,83,12,1,0.0,2616.76
2025-08-14,Google Search,1947.56,71401,4100,683,118,16.5,174553.86
2025-08-14,LinkedIn Ads,2374.58,83931,1928,311,80,29.68,264808.0
2025-08-14,Organic SEO,0.0,1864,84,8,1,0.0,1233.77
2025-08-14,YouTube Partner,299.86,7546,184,19,2,149.93,8912.86
2025-08-14,Email Nurture,0.0,3897,108,9,1,0.0,2467.58
2025-08-15,Google Search,743.35,23121,1364,205,47,15.82,71085.62
2025-08-15,LinkedIn Ads,1897.22,75484,3501,360,67,28.32,267511.57
2025-08-15,Organic SEO,0.0,2579,153,15,2,0.0,8155.4
2025-08-15,YouTube Partner,756.34,26120,660,78,11,68.76,26399.67
2025-08-15,Email Nurture,0.0,3718,173,29,6,0.0,17642.579999999998
2025-08-16,Google Search,610.86,24012,1154,203,34,17.97,125673.18
2025-08-16,LinkedIn Ads,1226.65,44367,2336,238,41,29.92,153828.72
2025-08-16,Organic SEO,0.0,3167,102,17,3,0.0,7919.88
2025-08-16,YouTube Partner,2027.3,83845,2651,302,81,25.03,141235.65
2025-08-16,Email Nurture,0.0,4950,138,21,4,0.0,17988.0
2025-08-17,Google Search,2137.96,85078,4664,668,170,12.58,350492.39999999997
2025-08-17,LinkedIn Ads,469.83,17533,655,80,16,29.36,38280.96
2025-08-17,Organic SEO,0.0,2307,48,8,2,0.0,8572.78
2025-08-17,YouTube Partner,1071.26,38177,2220,377,92,11.64,234065.48
2025-08-17,Email Nurture,0.0,3517,120,19,4,0.0,16820.08
2025-08-18,Google Search,283.37,11669,671,106,14,20.24,20555.08
2025-08-18,LinkedIn Ads,296.9,11155,504,90,16,18.56,36724.64
2025-08-18,Organic SEO,0.0,3016,89,8,2,0.0,4214.8
2025-08-18,YouTube Partner,561.5,15382,738,59,11,51.05,17514.97
2025-08-18,Email Nurture,0.0,3768,92,9,1,0.0,3049.25
2025-08-19,Google Search,1145.4,44090,979,90,17,67.38,39303.66
2025-08-19,LinkedIn Ads,915.58,24116,1346,200,27,33.91,38195.55
2025-08-19,Organic SEO,0.0,3988,188,22,5,0.0,18479.45
2025-08-19,YouTube Partner,2004.91,69284,2577,209,56,35.8,178691.52000000002
2025-08-19,Email Nurture,0.0,2603,144,20,2,0.0,3157.66
2025-08-20,Google Search,358.01,13010,386,59,13,27.54,29247.01
2025-08-20,LinkedIn Ads,647.8,17521,867,108,18,35.99,72485.09999999999
2025-08-20,Organic SEO,0.0,3558,105,15,3,0.0,4367.1
2025-08-20,YouTube Partner,615.91,20177,553,88,16,38.49,24133.28
2025-08-20,Email Nurture,0.0,2589,146,15,2,0.0,4124.5
2025-08-21,Google Search,1940.59,62877,1693,152,26,74.64,42880.5
2025-08-21,LinkedIn Ads,601.84,23277,483,44,11,54.71,43870.42
2025-08-21,Organic SEO,0.0,4517,212,37,7,0.0,29509.13
2025-08-21,YouTube Partner,2427.58,101820,3297,328,68,35.7,183256.59999999998
2025-08-21,Email Nurture,0.0,2574,94,13,2,0.0,4024.26
2025-08-22,Google Search,1778.19,75510,2636,432,81,21.95,204477.21
2025-08-22,LinkedIn Ads,313.73,12205,638,93,13,24.13,20031.309999999998
2025-08-22,Organic SEO,0.0,2469,88,12,1,0.0,1778.24
2025-08-22,YouTube Partner,1993.12,87569,2103,200,54,36.91,71533.26000000001
2025-08-22,Email Nurture,0.0,4511,95,16,4,0.0,12051.6
2025-08-23,Google Search,409.01,14650,815,120,28,14.61,41451.200000000004
2025-08-23,LinkedIn Ads,489.65,13488,757,100,24,20.4,37931.04
2025-08-23,Organic SEO,0.0,4784,158,26,6,0.0,11371.5
2025-08-23,YouTube Partner,1654.65,43771,2340,228,29,57.06,73100.87999999999
2025-08-23,Email Nurture,0.0,4097,192,30,5,0.0,14417.3
2025-08-24,Google Search,1752.27,44726,1568,234,37,47.36,161335.54
2025-08-24,LinkedIn Ads,317.86,14037,402,34,5,63.57,18973.65
2025-08-24,Organic SEO,0.0,3789,160,16,3,0.0,7141.41
2025-08-24,YouTube Partner,2149.91,73238,3592,321,58,37.07,257792.59999999998
2025-08-24,Email Nurture,0.0,1448,42,3,0,0.0,0.0
2025-08-25,Google Search,2273.08,89859,3629,436,80,28.41,155744.0
2025-08-25,LinkedIn Ads,288.98,10547,300,30,4,72.25,7302.68
2025-08-25,Organic SEO,0.0,2592,96,10,2,0.0,8098.72
2025-08-25,YouTube Partner,976.85,33482,1225,116,31,31.51,78561.13
2025-08-25,Email Nurture,0.0,1467,71,10,1,0.0,3414.67
2025-08-26,Google Search,322.84,11856,499,57,8,40.35,30919.44
2025-08-26,LinkedIn Ads,371.19,9796,368,38,9,41.24,29635.47
2025-08-26,Organic SEO,0.0,3042,77,12,2,0.0,3630.98
2025-08-26,YouTube Partner,648.72,27545,1369,199,36,18.02,74322.72
2025-08-26,Email Nurture,0.0,3504,85,10,2,0.0,4309.26
2025-08-27,Google Search,2161.77,72964,4285,751,183,11.81,782680.0199999999
2025-08-27,LinkedIn Ads,1840.97,78999,2327,266,63,29.22,163866.15000000002
2025-08-27,Organic SEO,0.0,3037,153,17,3,0.0,9490.2
2025-08-27,YouTube Partner,2441.37,77027,4384,468,130,18.78,443543.1
2025-08-27,Email Nurture,0.0,1255,65,9,1,0.0,1966.21
2025-08-28,Google Search,2227.19,92906,2711,226,56,39.77,180946.08
2025-08-28,LinkedIn Ads,476.98,17527,667,105,16,29.81,43126.72
2025-08-28,Organic SEO,0.0,4616,97,7,0,0.0,0.0
2025-08-28,YouTube Partner,1216.49,42271,1078,158,34,35.78,73838.82
2025-08-28,Email Nurture,0.0,2942,119,18,4,0.0,12505.28
2025-08-29,Google Search,1156.83,50819,1517,243,52,22.25,127075.0
2025-08-29,LinkedIn Ads,253.08,8587,266,24,3,84.36,7040.82
2025-08-29,Organic SEO,0.0,4647,276,40,9,0.0,11928.51
2025-08-29,YouTube Partner,1612.44,55944,1355,146,38,42.43,114568.48
2025-08-29,Email Nurture,0.0,4073,152,24,6,0.0,19855.079999999998
2025-08-30,Google Search,2096.76,54893,3087,305,49,42.79,67423.51
2025-08-30,LinkedIn Ads,2422.15,101827,5756,948,186,13.02,790401.42
2025-08-30,Organic SEO,0.0,2871,115,11,2,0.0,8837.9
2025-08-30,YouTube Partner,2212.33,93440,5359,907,221,10.01,789036.3
2025-08-30,Email Nurture,0.0,3254,131,23,6,0.0,19773.48
2025-08-31,Google Search,1246.46,43405,2053,185,31,40.21,44900.4
2025-08-31,LinkedIn Ads,415.06,12002,473,74,14,29.65,32298.980000000003
2025-08-31,Organic SEO,0.0,2720,82,13,2,0.0,3915.28
2025-08-31,YouTube Partner,645.57,20304,460,38,8,80.7,25945.52
2025-08-31,Email Nurture,0.0,3180,106,18,2,0.0,2749.62
2025-09-01,Google Search,2175.11,94715,2237,204,25,87.0,38621.75
2025-09-01,LinkedIn Ads,721.19,32021,1495,235,57,12.65,169047.18
2025-09-01,Organic SEO,0.0,4495,214,24,5,0.0,21786.0
2025-09-01,YouTube Partner,923.8,41390,1875,195,37,24.97,134809.5
2025-09-01,Email Nurture,0.0,1292,45,3,0,0.0,0.0
2025-09-02,Google Search,518.31,22536,520,89,20,25.92,45761.0
2025-09-02,LinkedIn Ads,1129.19,44960,1980,291,53,21.31,148918.34
2025-09-02,Organic SEO,0.0,2366,116,16,4,0.0,7623.44
2025-09-02,YouTube Partner,1595.24,64772,2173,256,67,23.81,169767.28
2025-09-02,Email Nurture,0.0,4780,284,36,5,0.0,20705.300000000003
2025-09-03,Google Search,1354.9,50108,1193,141,38,35.66,119524.06
2025-09-03,LinkedIn Ads,1025.13,38456,2169,232,46,22.29,200729.28000000003
2025-09-03,Organic SEO,0.0,3059,143,11,2,0.0,8206.66
2025-09-03,YouTube Partner,2178.7,70810,2724,221,40,54.47,108776.4
2025-09-03,Email Nurture,0.0,3142,184,22,6,0.0,9978.42
2025-09-04,Google Search,1571.58,45606,2353,372,51,30.82,214700.31000000003
2025-09-04,LinkedIn Ads,687.92,25631,1523,256,69,9.97,160810.02
2025-09-04,Organic SEO,0.0,1547,82,9,2,0.0,3720.1
2025-09-04,YouTube Partner,2439.88,78076,4203,733,189,12.91,268629.48
2025-09-04,Email Nurture,0.0,3152,82,13,1,0.0,1840.38
2025-09-05,Google Search,1726.34,72676,2188,246,50,34.53,94909.5
2025-09-05,LinkedIn Ads,2075.1,83984,2167,273,66,31.44,152670.54
2025-09-05,Organic SEO,0.0,3755,124,10,1,0.0,1688.77
2025-09-05,YouTube Partner,2075.98,69362,3509,615,157,13.22,681353.3099999999
2025-09-05,Email Nurture,0.0,3699,116,19,4,0.0,5643.8
2025-09-06,Google Search,1858.05,66046,3700,411,87,21.36,248166.62999999998
2025-09-06,LinkedIn Ads,1351.51,46116,1301,202,38,35.57,165797.80000000002
2025-09-06,Organic SEO,0.0,3063,127,22,3,0.0,10905.3
2025-09-06,YouTube Partner,538.81,17585,763,117,14,38.49,28839.579999999998
2025-09-06,Email Nurture,0.0,1247,62,8,1,0.0,2087.03
2025-09-07,Google Search,2497.07,66008,1435,145,39,64.03,172828.11
2025-09-07,LinkedIn Ads,1723.59,73428,2096,371,52,33.15,79752.92
2025-09-07,Organic SEO,0.0,2522,136,20,4,0.0,12013.88
2025-09-07,YouTube Partner,1827.18,79872,3724,396,83,22.01,220752.61000000002
2025-09-07,Email Nurture,0.0,4267,186,19,4,0.0,17814.84
2025-09-08,Google Search,360.37,15398,654,68,18,20.02,50311.26
2025-09-08,LinkedIn Ads,996.3,28524,849,138,30,33.21,126411.3
2025-09-08,Organic SEO,0.0,3456,154,14,2,0.0,7853.38
2025-09-08,YouTube Partner,345.68,11543,443,70,13,26.59,39947.31
2025-09-08,Email Nurture,0.0,4449,142,13,2,0.0,5492.62
2025-09-09,Google Search,1205.95,37116,998,155,43,28.05,161968.53
2025-09-09,LinkedIn Ads,915.86,27380,785,73,15,61.06,47967.3
2025-09-09,Organic SEO,0.0,1864,53,5,1,0.0,3436.61
2025-09-09,YouTube Partner,1478.6,48821,1817,155,29,50.99,110925.0
2025-09-09,Email Nurture,0.0,2454,132,13,1,0.0,3638.13
2025-09-10,Google Search,725.94,23860,538,55,13,55.84,50108.630000000005
2025-09-10,LinkedIn Ads,715.94,22708,576,50,13,55.07,43724.98
2025-09-10,Organic SEO,0.0,2788,147,19,4,0.0,8905.32
2025-09-10,YouTube Partner,938.63,35998,1735,301,46,20.41,126275.51999999999
2025-09-10,Email Nurture,0.0,2901,81,13,2,0.0,8931.12
2025-09-11,Google Search,604.8,21365,1104,136,26,23.26,115829.22
2025-09-11,LinkedIn Ads,1206.94,44755,992,162,36,33.53,91197.72
2025-09-11,Organic SEO,0.0,2204,96,7,0,0.0,0.0
2025-09-11,YouTube Partner,675.29,19473,898,76,12,56.27,20317.56
2025-09-11,Email Nurture,0.0,1284,35,4,1,0.0,1363.3
2025-09-12,Google Search,2250.76,86225,3851,549,91,24.73,233868.18
2025-09-12,LinkedIn Ads,2048.4,63761,2473,202,47,43.58,121185.74
2025-09-12,Organic SEO,0.0,3652,115,16,3,0.0,8856.93
2025-09-12,YouTube Partner,1786.67,67442,3726,516,126,14.18,254611.98
2025-09-12,Email Nurture,0.0,2032,113,13,3,0.0,10775.400000000001
2025-09-13,Google Search,383.93,14063,354,62,15,25.6,23431.35
2025-09-13,LinkedIn Ads,523.94,19327,653,54,11,47.63,27278.789999999997
2025-09-13,Organic SEO,0.0,2788,73,6,1,0.0,3978.46
2025-09-13,YouTube Partner,2290.52,60556,2748,407,83,27.6,282287.15
2025-09-13,Email Nurture,0.0,3148,173,24,4,0.0,10420.04
2025-09-14,Google Search,419.47,10750,514,63,13,32.27,39523.64
2025-09-14,LinkedIn Ads,874.1,30172,1171,139,34,25.71,91420.56
2025-09-14,Organic SEO,0.0,1856,81,14,3,0.0,5104.74
2025-09-14,YouTube Partner,641.91,17337,858,129,35,18.34,102293.79999999999
2025-09-14,Email Nurture,0.0,4720,119,11,2,0.0,7253.74
2025-09-15,Google Search,2184.2,95695,2685,297,47,46.47,112043.76999999999
2025-09-15,LinkedIn Ads,2308.0,84247,4172,538,67,34.45,94593.95
2025-09-15,Organic SEO,0.0,1939,46,4,0,0.0,0.0
2025-09-15,YouTube Partner,889.72,34960,1493,265,43,20.69,74073.09000000001
2025-09-15,Email Nurture,0.0,3773,127,15,2,0.0,3746.88
2025-09-16,Google Search,1810.14,78453,2807,275,45,40.23,121575.15000000001
2025-09-16,LinkedIn Ads,903.96,26821,1326,107,22,41.09,84027.45999999999
2025-09-16,Organic SEO,0.0,3618,176,29,5,0.0,14833.800000000001
2025-09-16,YouTube Partner,2346.51,63707,3471,332,65,36.1,124852.0
2025-09-16,Email Nurture,0.0,2897,68,9,1,0.0,2311.86
2025-09-17,Google Search,1944.7,60065,3035,469,74,26.28,266778.14
2025-09-17,LinkedIn Ads,1932.5,63674,1809,239,63,30.67,208576.62
2025-09-17,Organic SEO,0.0,2757,138,13,3,0.0,5853.33
2025-09-17,YouTube Partner,2471.46,89461,4278,392,62,39.86,102990.68000000001
2025-09-17,Email Nurture,0.0,3831,220,20,3,0.0,6162.99
2025-09-18,Google Search,1947.68,76802,1968,330,49,39.75,187716.55
2025-09-18,LinkedIn Ads,1278.21,40347,1062,102,23,55.57,69377.66
2025-09-18,Organic SEO,0.0,4633,262,41,5,0.0,14663.55
2025-09-18,YouTube Partner,437.6,18267,813,79,9,48.62,11737.98
2025-09-18,Email Nurture,0.0,2254,128,20,5,0.0,15400.2
2025-09-19,Google Search,938.63,27554,911,130,19,49.4,39016.69
2025-09-19,LinkedIn Ads,1303.14,38652,1683,290,69,18.89,234545.49
2025-09-19,Organic SEO,0.0,4277,181,28,5,0.0,14996.45
2025-09-19,YouTube Partner,1411.82,37971,1247,102,14,100.84,54307.82
2025-09-19,Email Nurture,0.0,1552,41,3,0,0.0,0.0
2025-09-20,Google Search,1089.96,46314,1321,148,21,51.9,68204.84999999999
2025-09-20,LinkedIn Ads,1194.71,44521,2246,302,66,18.1,282897.77999999997
2025-09-20,Organic SEO,0.0,3904,103,16,3,0.0,9669.09
2025-09-20,YouTube Partner,2096.26,66783,1852,184,43,48.75,138742.94
2025-09-20,Email Nurture,0.0,1924,49,4,0,0.0,0.0
2025-09-21,Google Search,291.22,9549,455,68,12,24.27,41766.479999999996
2025-09-21,LinkedIn Ads,1422.47,63354,1678,235,46,30.92,84720.04
2025-09-21,Organic SEO,0.0,2864,88,10,1,0.0,2005.87
2025-09-21,YouTube Partner,1219.09,42018,2091,327,47,25.94,148339.05000000002
2025-09-21,Email Nurture,0.0,3276,107,13,2,0.0,4296.54
2025-09-22,Google Search,1583.09,49005,1088,87,11,143.92,41958.729999999996
2025-09-22,LinkedIn Ads,2413.22,80937,3278,310,64,37.71,107351.04
2025-09-22,Organic SEO,0.0,3971,215,38,6,0.0,10147.380000000001
2025-09-22,YouTube Partner,2034.63,75299,1808,315,41,49.63,133810.88
2025-09-22,Email Nurture,0.0,2991,95,13,3,0.0,7565.88
2025-09-23,Google Search,682.77,20766,1124,154,29,23.54,49120.2
2025-09-23,LinkedIn Ads,1261.89,38575,2226,374,49,25.75,142343.04
2025-09-23,Organic SEO,0.0,4368,227,33,4,0.0,9373.16
2025-09-23,YouTube Partner,1012.92,36781,1164,106,23,44.04,92193.66
2025-09-23,Email Nurture,0.0,4844,282,37,6,0.0,17524.14
2025-09-24,Google Search,2002.72,63690,1729,239,54,37.09,191806.37999999998
2025-09-24,LinkedIn Ads,2234.47,72449,1667,293,55,40.63,179121.25
2025-09-24,Organic SEO,0.0,4347,195,21,3,0.0,8565.630000000001
2025-09-24,YouTube Partner,2199.87,89962,5263,458,74,29.73,108387.06
2025-09-24,Email Nurture,0.0,3697,214,33,7,0.0,20357.68
2025-09-25,Google Search,626.58,27926,977,88,17,36.86,69431.23
2025-09-25,LinkedIn Ads,2246.4,56652,3141,336,42,53.49,167903.82
2025-09-25,Organic SEO,0.0,3030,132,18,4,0.0,15179.28
2025-09-25,YouTube Partner,2252.74,81222,4768,856,118,19.09,472411.81999999995
2025-09-25,Email Nurture,0.0,3730,199,23,4,0.0,17233.88
2025-09-26,Google Search,1782.83,67590,3275,562,89,20.03,286909.3
2025-09-26,LinkedIn Ads,1150.89,29045,726,81,17,67.7,69850.79
2025-09-26,Organic SEO,0.0,2342,96,10,2,0.0,7136.96
2025-09-26,YouTube Partner,1505.61,39345,1054,114,18,83.64,61601.22
2025-09-26,Email Nurture,0.0,4168,209,22,3,0.0,8826.3
2025-09-27,Google Search,735.83,31412,735,91,23,31.99,74342.44
2025-09-27,LinkedIn Ads,907.74,30332,1464,259,68,13.35,158442.04
2025-09-27,Organic SEO,0.0,2584,98,17,2,0.0,3592.14
2025-09-27,YouTube Partner,1706.89,47327,2062,282,77,22.17,316868.86000000004
2025-09-27,Email Nurture,0.0,3424,137,23,5,0.0,11332.650000000001
2025-09-28,Google Search,2460.1,96368,2168,181,26,94.62,93649.92
2025-09-28,LinkedIn Ads,663.41,23371,554,95,16,41.46,67149.44
2025-09-28,Organic SEO,0.0,4963,277,25,4,0.0,15075.16
2025-09-28,YouTube Partner,1472.22,61313,1499,257,69,21.34,118164.56999999999
2025-09-28,Email Nurture,0.0,2483,147,18,3,0.0,9697.47
2025-09-29,Google Search,2026.75,83582,2319,240,62,32.69,242073.41999999998
2025-09-29,LinkedIn Ads,1639.64,73609,3636,369,94,17.44,241450.28
2025-09-29,Organic SEO,0.0,4507,263,37,9,0.0,26839.98
2025-09-29,YouTube Partner,1182.12,52655,2279,379,103,11.48,353153.01
2025-09-29,Email Nurture,0.0,4993,148,18,2,0.0,8237.16
2025-09-30,Google Search,503.25,19422,590,75,12,41.94,27200.52
2025-09-30,LinkedIn Ads,835.88,33481,1159,176,33,25.33,99195.03
2025-09-30,Organic SEO,0.0,2042,93,16,4,0.0,10423.2
2025-09-30,YouTube Partner,1700.61,48537,2058,366,74,22.98,315329.54
2025-09-30,Email Nurture,0.0,3758,160,18,2,0.0,4849.86
2025-10-01,Google Search,1836.3,60045,1791,246,45,40.81,78622.2
2025-10-01,LinkedIn Ads,596.47,23351,1377,142,34,17.54,50629.399999999994
2025-10-01,Organic SEO,0.0,2638,149,21,3,0.0,12137.58
2025-10-01,YouTube Partner,657.39,23590,1368,194,48,13.7,161124.0
2025-10-01,Email Nurture,0.0,1805,54,6,0,0.0,0.0
2025-10-02,Google Search,2235.96,69176,3662,424,57,39.23,210994.05000000002
2025-10-02,LinkedIn Ads,1592.0,48536,1461,259,66,24.12,255573.78
2025-10-02,Organic SEO,0.0,2412,144,13,1,0.0,2288.11
2025-10-02,YouTube Partner,1288.73,37497,1202,120,29,44.44,102993.79000000001
2025-10-02,Email Nurture,0.0,4953,264,21,5,0.0,21623.800000000003
2025-10-03,Google Search,322.15,8347,281,24,4,80.54,14419.0
2025-10-03,LinkedIn Ads,1525.52,44131,2038,302,81,18.83,136438.83000000002
2025-10-03,Organic SEO,0.0,1554,35,4,0,0.0,0.0
2025-10-03,YouTube Partner,635.9,23081,1110,111,25,25.44,45054.25
2025-10-03,Email Nurture,0.0,4237,89,9,2,0.0,6874.22
2025-10-04,Google Search,1045.08,43028,1266,159,31,33.71,72065.7
2025-10-04,LinkedIn Ads,2398.0,93362,3880,508,73,32.85,177260.06
2025-10-04,Organic SEO,0.0,1952,111,17,2,0.0,5264.12
2025-10-04,YouTube Partner,436.56,11806,458,60,9,48.51,29890.62
2025-10-04,Email Nurture,0.0,1640,68,9,1,0.0,1526.89
2025-10-05,Google Search,967.3,25174,901,89,18,53.74,62752.86
2025-10-05,LinkedIn Ads,1447.27,48750,1730,284,44,32.89,159408.48
2025-10-05,Organic SEO,0.0,4404,198,26,7,0.0,12715.85
2025-10-05,YouTube Partner,1040.38,37927,2075,358,62,16.78,88130.52
2025-10-05,Email Nurture,0.0,2400,137,24,6,0.0,23783.760000000002
2025-10-06,Google Search,1068.61,28268,1208,164,41,26.06,183957.57
2025-10-06,LinkedIn Ads,1393.35,44453,1219,98,19,73.33,57630.99
2025-10-06,Organic SEO,0.0,4016,160,16,3,0.0,5775.63
2025-10-06,YouTube Partner,1712.73,73796,1728,175,44,38.93,144501.72
2025-10-06,Email Nurture,0.0,2361,50,6,1,0.0,3394.76
2025-10-07,Google Search,2139.17,68897,2554,455,111,19.27,461845.47000000003
2025-10-07,LinkedIn Ads,1237.21,36722,1339,203,27,45.82,56498.850000000006
2025-10-07,Organic SEO,0.0,2357,104,9,2,0.0,3769.24
2025-10-07,YouTube Partner,1224.26,46438,1433,169,40,30.61,171804.4
2025-10-07,Email Nurture,0.0,3948,94,8,1,0.0,3595.0
2025-10-08,Google Search,1767.03,56052,1501,207,40,44.18,144206.0
2025-10-08,LinkedIn Ads,1243.06,39495,1253,126,20,62.15,30258.800000000003
2025-10-08,Organic SEO,0.0,3169,68,6,1,0.0,2274.05
2025-10-08,YouTube Partner,1753.53,68979,2983,524,64,27.4,232803.2
2025-10-08,Email Nurture,0.0,3899,231,28,6,0.0,26393.58
2025-10-09,Google Search,559.69,18678,1008,174,37,15.13,61911.729999999996
2025-10-09,LinkedIn Ads,2278.31,64906,2214,260,49,46.5,186569.95
2025-10-09,Organic SEO,0.0,2588,150,25,4,0.0,8648.0
2025-10-09,YouTube Partner,777.41,27714,680,91,10,77.74,22687.0
2025-10-09,Email Nurture,0.0,4652,262,30,7,0.0,15634.009999999998
2025-10-10,Google Search,1532.73,58195,2742,461,72,21.29,148739.04
2025-10-10,LinkedIn Ads,1834.09,52352,2019,165,23,79.74,79124.37
2025-10-10,Organic SEO,0.0,2436,66,9,1,0.0,1540.89
2025-10-10,YouTube Partner,694.71,24031,1333,182,41,16.94,95070.39
2025-10-10,Email Nurture,0.0,2312,132,15,2,0.0,6171.5
2025-10-11,Google Search,802.38,30515,1626,204,46,17.44,154156.12
2025-10-11,LinkedIn Ads,337.0,9661,538,93,22,15.32,93282.64
2025-10-11,Organic SEO,0.0,1717,58,9,1,0.0,2217.79
2025-10-11,YouTube Partner,1778.67,64581,2418,323,48,37.06,125825.28
2025-10-11,Email Nurture,0.0,4097,191,23,6,0.0,24113.579999999998
2025-10-12,Google Search,480.4,13273,624,64,15,32.03,47272.2
2025-10-12,LinkedIn Ads,767.12,26522,961,160,20,38.36,83125.59999999999
2025-10-12,Organic SEO,0.0,2247,59,9,2,0.0,5544.78
2025-10-12,YouTube Partner,2168.64,64935,1344,190,36,60.24,110579.04
2025-10-12,Email Nurture,0.0,4160,113,18,4,0.0,9231.16
2025-10-13,Google Search,1442.24,55045,1275,164,29,49.73,118293.9
2025-10-13,LinkedIn Ads,2222.53,86713,4008,614,109,20.39,276305.19
2025-10-13,Organic SEO,0.0,3183,176,15,2,0.0,6021.54
2025-10-13,YouTube Partner,1332.4,34531,700,125,28,47.59,67363.52
2025-10-13,Email Nurture,0.0,2032,62,7,1,0.0,4113.28
2025-10-14,Google Search,664.29,27772,690,70,8,83.04,13317.44
2025-10-14,LinkedIn Ads,2313.93,79110,1827,321,83,27.88,306307.35
2025-10-14,Organic SEO,0.0,1886,59,9,1,0.0,3558.43
2025-10-14,YouTube Partner,1113.91,45021,1157,116,26,42.84,79267.76000000001
2025-10-14,Email Nurture,0.0,4872,273,29,5,0.0,9337.75
2025-10-15,Google Search,1123.06,39119,1244,195,35,32.09,126258.3
2025-10-15,LinkedIn Ads,715.91,23296,473,73,16,44.74,62381.12
2025-10-15,Organic SEO,0.0,3390,180,17,4,0.0,12669.36
2025-10-15,YouTube Partner,2260.02,64273,2367,386,47,48.09,73802.22
2025-10-15,Email Nurture,0.0,4931,156,21,2,0.0,2827.02
2025-10-16,Google Search,1901.21,59769,2024,204,39,48.75,53491.619999999995
2025-10-16,LinkedIn Ads,925.82,32905,1270,228,41,22.58,101561.09999999999
2025-10-16,Organic SEO,0.0,4336,91,8,1,0.0,2615.6
2025-10-16,YouTube Partner,2195.78,85401,1735,245,33,66.54,124643.64
2025-10-16,Email Nurture,0.0,1883,53,5,0,0.0,0.0
2025-10-17,Google Search,2375.26,80482,3739,556,144,16.49,188871.84
2025-10-17,LinkedIn Ads,1159.74,47195,2482,428,99,11.71,198891.99
2025-10-17,Organic SEO,0.0,3242,72,6,1,0.0,3020.78
2025-10-17,YouTube Partner,2041.78,64628,2824,365,99,20.62,363033.0
2025-10-17,Email Nurture,0.0,3140,88,11,1,0.0,4295.79
2025-10-18,Google Search,2424.07,107813,2324,405,113,21.45,487032.26000000007
2025-10-18,LinkedIn Ads,1759.61,68668,1709,286,37,47.56,83194.87000000001
2025-10-18,Organic SEO,0.0,4589,259,31,5,0.0,10995.45
2025-10-18,YouTube Partner,1286.49,38639,1352,216,54,23.82,119005.20000000001
2025-10-18,Email Nurture,0.0,2344,72,6,1,0.0,3383.68
2025-10-19,Google Search,2244.9,88327,2230,388,102,22.01,239562.30000000002
2025-10-19,LinkedIn Ads,500.95,19578,961,163,20,25.05,33352.399999999994
2025-10-19,Organic SEO,0.0,2539,127,11,2,0.0,2821.58
2025-10-19,YouTube Partner,1051.94,38944,1645,198,37,28.43,72088.58
2025-10-19,Email Nurture,0.0,3431,103,17,3,0.0,10711.650000000001
2025-10-20,Google Search,1627.6,49986,2306,335,71,22.92,108550.48000000001
2025-10-20,LinkedIn Ads,2489.14,82162,3740,630,118,21.09,442966.1
2025-10-20,Organic SEO,0.0,4349,138,11,2,0.0,3520.1
2025-10-20,YouTube Partner,271.51,8075,237,28,7,38.79,28709.170000000002
2025-10-20,Email Nurture,0.0,3928,95,14,3,0.0,7157.43
2025-10-21,Google Search,379.2,14331,613,55,14,27.09,25991.42
2025-10-21,LinkedIn Ads,1922.9,82110,3545,371,62,31.01,255624.14
2025-10-21,Organic SEO,0.0,2407,133,14,1,0.0,2814.6
2025-10-21,YouTube Partner,1930.12,52493,1941,158,19,101.59,53081.25
2025-10-21,Email Nurture,0.0,3370,182,25,6,0.0,22831.199999999997
2025-10-22,Google Search,1765.93,65668,1440,240,44,40.13,134081.2
2025-10-22,LinkedIn Ads,299.4,13090,734,98,20,14.97,70531.2
2025-10-22,Organic SEO,0.0,4122,183,27,5,0.0,13848.25
2025-10-22,YouTube Partner,1701.47,61507,2814,397,93,18.3,308876.25
2025-10-22,Email Nurture,0.0,3217,151,26,3,0.0,12242.880000000001
2025-10-23,Google Search,889.4,32754,1371,186,43,20.68,105761.51000000001
2025-10-23,LinkedIn Ads,967.97,40709,1172,114,13,74.46,24633.83
2025-10-23,Organic SEO,0.0,3705,203,25,4,0.0,16627.4
2025-10-23,YouTube Partner,2188.52,61893,1302,115,19,115.19,83760.74
2025-10-23,Email Nurture,0.0,3805,95,13,1,0.0,4121.49
2025-10-24,Google Search,1334.1,51962,1147,153,25,53.36,53510.0
2025-10-24,LinkedIn Ads,1126.73,28182,1089,140,36,31.3,96484.68000000001
2025-10-24,Organic SEO,0.0,2848,143,13,2,0.0,2965.38
2025-10-24,YouTube Partner,2380.45,73399,2132,198,53,44.91,188111.84
2025-10-24,Email Nurture,0.0,4496,167,23,5,0.0,10389.849999999999
2025-10-25,Google Search,2253.21,100458,3995,693,83,27.15,344531.33999999997
2025-10-25,LinkedIn Ads,949.85,29663,863,96,14,67.85,58651.18
2025-10-25,Organic SEO,0.0,4106,96,12,2,0.0,3862.98
2025-10-25,YouTube Partner,744.83,32731,1903,340,84,8.87,152964.84
2025-10-25,Email Nurture,0.0,4221,101,17,3,0.0,6077.01
2025-10-26,Google Search,714.16,19795,732,68,12,59.51,20291.28
2025-10-26,LinkedIn Ads,1727.82,70330,2952,436,117,14.77,386875.71
2025-10-26,Organic SEO,0.0,3413,203,30,7,0.0,13318.41
2025-10-26,YouTube Partner,427.26,13047,390,40,6,71.21,18580.14
2025-10-26,Email Nurture,0.0,2989,68,6,1,0.0,3903.59
2025-10-27,Google Search,1992.63,87185,2237,263,43,46.34,173757.41
2025-10-27,LinkedIn Ads,1348.8,34444,1664,197,40,33.72,165980.0
2025-10-27,Organic SEO,0.0,1458,75,12,3,0.0,7614.66
2025-10-27,YouTube Partner,1529.73,62433,2989,536,65,23.53,154176.1
2025-10-27,Email Nurture,0.0,1761,89,10,2,0.0,7580.04
2025-10-28,Google Search,2341.35,93963,2074,339,91,25.73,407604.47000000003
2025-10-28,LinkedIn Ads,531.85,19819,554,58,13,40.91,57541.9
2025-10-28,Organic SEO,0.0,2001,111,9,2,0.0,5525.3
2025-10-28,YouTube Partner,2045.91,56352,2019,216,35,58.45,56235.9
2025-10-28,Email Nurture,0.0,3703,208,26,4,0.0,16016.76
2025-10-29,Google Search,951.95,39362,979,96,26,36.61,103482.08
2025-10-29,LinkedIn Ads,1122.77,42406,2447,247,31,36.22,92182.84
2025-10-29,Organic SEO,0.0,3946,90,7,1,0.0,2515.58
2025-10-29,YouTube Partner,557.98,21622,1291,154,33,16.91,144468.06
2025-10-29,Email Nurture,0.0,3720,186,18,2,0.0,8865.46
2025-10-30,Google Search,2455.88,79970,1681,256,64,38.37,103203.2
2025-10-30,LinkedIn Ads,554.78,22992,1307,207,31,17.9,79298.62
2025-10-30,Organic SEO,0.0,1706,45,4,0,0.0,0.0
2025-10-30,YouTube Partner,1399.31,57771,2895,496,125,11.19,254725.0
2025-10-30,Email Nurture,0.0,4631,216,34,5,0.0,16197.7
2025-10-31,Google Search,1285.15,52239,1690,243,63,20.4,159207.3
2025-10-31,LinkedIn Ads,399.9,14124,477,70,19,21.05,53247.69
2025-10-31,Organic SEO,0.0,4827,194,28,6,0.0,21286.800000000003
2025-10-31,YouTube Partner,582.18,19864,427,34,6,97.03,12208.619999999999
2025-10-31,Email Nurture,0.0,4205,133,23,4,0.0,13994.32
2025-11-01,Google Search,1592.66,43726,2559,236,37,43.04,143743.88999999998
2025-11-01,LinkedIn Ads,1641.84,68568,2785,327,87,18.87,114807.81000000001
2025-11-01,Organic SEO,0.0,3671,80,12,2,0.0,3707.52
2025-11-01,YouTube Partner,360.38,9791,401,62,10,36.04,24511.100000000002
2025-11-01,Email Nurture,0.0,3300,124,12,1,0.0,2013.32
2025-11-02,Google Search,572.19,20689,566,47,5,114.44,19720.899999999998
2025-11-02,LinkedIn Ads,1580.76,50839,2835,246,68,23.25,219895.68000000002
2025-11-02,Organic SEO,0.0,2082,69,9,1,0.0,4226.83
2025-11-02,YouTube Partner,2007.24,59948,3474,401,89,22.55,324976.38
2025-11-02,Email Nurture,0.0,3900,90,11,2,0.0,8331.38
2025-11-03,Google Search,2494.82,99961,5880,933,255,9.78,901167.45
2025-11-03,LinkedIn Ads,429.47,14189,650,74,12,35.79,37265.04
2025-11-03,Organic SEO,0.0,3912,230,31,5,0.0,9675.75
2025-11-03,YouTube Partner,1720.23,66592,3156,260,68,25.3,157471.0
2025-11-03,Email Nurture,0.0,2670,149,23,3,0.0,9536.880000000001
2025-11-04,Google Search,997.39,25118,703,64,16,62.34,32849.12
2025-11-04,LinkedIn Ads,890.57,39362,1384,112,18,49.48,28686.420000000002
2025-11-04,Organic SEO,0.0,3628,156,12,1,0.0,2082.99
2025-11-04,YouTube Partner,413.25,13263,279,37,5,82.65,10735.550000000001
2025-11-04,Email Nurture,0.0,4079,93,8,1,0.0,2806.9
2025-11-05,Google Search,2028.43,87882,3122,435,87,23.32,386220.83999999997
2025-11-05,LinkedIn Ads,2119.94,91655,2765,434,70,30.28,132219.5
2025-11-05,Organic SEO,0.0,4605,198,34,6,0.0,20878.02
2025-11-05,YouTube Partner,1543.68,44049,1924,257,51,30.27,147609.30000000002
2025-11-05,Email Nurture,0.0,4701,96,8,1,0.0,2582.68
2025-11-06,Google Search,2083.29,89088,2654,364,88,23.67,189476.31999999998
2025-11-06,LinkedIn Ads,1170.27,41520,1054,87,12,97.52,39223.44
2025-11-06,Organic SEO,0.0,2602,135,12,3,0.0,4693.11
2025-11-06,YouTube Partner,1677.78,64507,3044,324,56,29.96,168595.28
2025-11-06,Email Nurture,0.0,3894,112,18,3,0.0,11743.11
2025-11-07,Google Search,1163.53,52002,2642,466,94,12.38,259738.91999999998
2025-11-07,LinkedIn Ads,1949.77,83071,4865,547,135,14.44,255842.55000000002
2025-11-07,Organic SEO,0.0,1879,58,9,1,0.0,1200.79
2025-11-07,YouTube Partner,2062.32,65178,2138,252,55,37.5,146234.0
2025-11-07,Email Nurture,0.0,1776,92,16,2,0.0,3633.62
2025-11-08,Google Search,1273.6,50887,1590,130,26,48.98,113276.28
2025-11-08,LinkedIn Ads,1130.37,37757,2218,331,77,14.68,235382.84
2025-11-08,Organic SEO,0.0,4591,269,33,6,0.0,14524.619999999999
2025-11-08,YouTube Partner,2110.58,59362,2003,305,37,57.04,79733.52
2025-11-08,Email Nurture,0.0,1593,83,7,1,0.0,3189.01
2025-11-09,Google Search,670.55,24032,752,84,14,47.9,19725.3
2025-11-09,LinkedIn Ads,2468.41,63267,2941,344,76,32.48,180547.12
2025-11-09,Organic SEO,0.0,4294,254,26,5,0.0,9568.45
2025-11-09,YouTube Partner,1361.33,54617,2230,242,38,35.82,140770.24
2025-11-09,Email Nurture,0.0,4124,133,14,1,0.0,3466.51
2025-11-10,Google Search,1527.61,48865,2355,314,61,25.04,176129.57
2025-11-10,LinkedIn Ads,1681.78,64244,2027,190,27,62.29,89369.73
2025-11-10,Organic SEO,0.0,4450,161,15,3,0.0,11841.66
2025-11-10,YouTube Partner,2231.31,82863,4510,367,50,44.63,75275.0
2025-11-10,Email Nurture,0.0,1873,88,14,2,0.0,8636.26
2025-11-11,Google Search,280.56,8972,226,20,5,56.11,21153.1
2025-11-11,LinkedIn Ads,1999.96,89062,2551,239,48,41.67,188919.36000000002
2025-11-11,Organic SEO,0.0,2486,75,6,1,0.0,4088.12
2025-11-11,YouTube Partner,1031.13,37366,1395,175,48,21.48,104510.88
2025-11-11,Email Nurture,0.0,2784,57,5,0,0.0,0.0
2025-11-12,Google Search,1843.88,49405,2262,320,50,36.88,149495.0
2025-11-12,LinkedIn Ads,749.97,20953,899,159,25,30.0,59315.25
2025-11-12,Organic SEO,0.0,3361,128,21,5,0.0,6392.799999999999
2025-11-12,YouTube Partner,366.0,16168,502,84,15,24.4,23895.45
2025-11-12,Email Nurture,0.0,4509,192,27,6,0.0,18107.699999999997
2025-11-13,Google Search,1174.1,49037,2904,419,108,10.87,342989.64
2025-11-13,LinkedIn Ads,1802.02,69852,3366,377,79,22.81,249691.35
2025-11-13,Organic SEO,0.0,3412,190,32,8,0.0,34391.76
2025-11-13,YouTube Partner,861.75,30329,819,131,34,25.35,136314.5
2025-11-13,Email Nurture,0.0,1963,58,5,0,0.0,0.0
2025-11-14,Google Search,644.62,22732,841,142,26,24.79,76997.96
2025-11-14,LinkedIn Ads,2399.39,74366,2346,375,61,39.33,240654.75999999998
2025-11-14,Organic SEO,0.0,2632,98,15,2,0.0,7873.3
2025-11-14,YouTube Partner,1891.8,55218,3200,275,72,26.27,158735.52
2025-11-14,Email Nurture,0.0,2344,83,13,3,0.0,10517.67
2025-11-15,Google Search,1807.4,63484,2636,406,64,28.24,125696.64
2025-11-15,LinkedIn Ads,2387.33,61005,1560,213,50,47.75,148752.0
2025-11-15,Organic SEO,0.0,3582,194,30,4,0.0,14938.04
2025-11-15,YouTube Partner,278.45,8171,184,29,6,46.41,23310.0
2025-11-15,Email Nurture,0.0,2804,134,21,2,0.0,5224.7
2025-11-16,Google Search,524.98,17651,659,85,22,23.86,84850.04000000001
2025-11-16,LinkedIn Ads,1682.62,71861,3387,548,115,14.63,337320.3
2025-11-16,Organic SEO,0.0,3735,77,11,2,0.0,7112.02
2025-11-16,YouTube Partner,332.79,10834,567,99,17,19.58,67590.98
2025-11-16,Email Nurture,0.0,2445,135,16,2,0.0,4359.22
2025-11-17,Google Search,592.92,16460,416,38,6,98.82,13272.060000000001
2025-11-17,LinkedIn Ads,2413.55,88262,5251,615,118,20.45,267990.98000000004
2025-11-17,Organic SEO,0.0,3651,216,34,7,0.0,24042.41
2025-11-17,YouTube Partner,1570.81,61910,2283,375,86,18.27,322082.04
2025-11-17,Email Nurture,0.0,2398,74,8,1,0.0,2612.82
2025-11-18,Google Search,2462.33,77752,4280,703,191,12.89,727205.76
2025-11-18,LinkedIn Ads,1734.09,73060,1682,212,58,29.9,216901.44
2025-11-18,Organic SEO,0.0,1835,66,11,2,0.0,2481.9
2025-11-18,YouTube Partner,637.74,26405,882,78,19,33.57,51302.47
2025-11-18,Email Nurture,0.0,1748,37,6,1,0.0,2183.87
2025-11-19,Google Search,585.55,24353,1301,210,46,12.73,110761.09999999999
2025-11-19,LinkedIn Ads,934.16,23513,1254,111,24,38.92,68722.79999999999
2025-11-19,Organic SEO,0.0,4562,112,15,4,0.0,8001.52
2025-11-19,YouTube Partner,1703.07,52919,2960,412,63,27.03,130096.89000000001
2025-11-19,Email Nurture,0.0,4954,107,15,3,0.0,7934.219999999999
2025-11-20,Google Search,1497.81,61405,2727,279,60,24.96,196399.2
2025-11-20,LinkedIn Ads,1901.74,71158,4181,416,113,16.83,336346.76
2025-11-20,Organic SEO,0.0,1532,60,8,1,0.0,1229.26
2025-11-20,YouTube Partner,1025.71,35548,973,125,21,48.84,56737.8
2025-11-20,Email Nurture,0.0,4694,255,43,7,0.0,25020.52
2025-11-21,Google Search,1244.73,47430,1594,178,33,37.72,55452.21
2025-11-21,LinkedIn Ads,2120.06,67786,2440,413,82,25.85,245675.28
2025-11-21,Organic SEO,0.0,1231,49,7,1,0.0,4039.42
2025-11-21,YouTube Partner,1447.03,48068,2118,303,38,38.08,170986.69999999998
2025-11-21,Email Nurture,0.0,2551,129,13,1,0.0,4451.94
2025-11-22,Google Search,1016.01,31739,1784,247,38,26.74,157092.76
2025-11-22,LinkedIn Ads,2485.06,66434,3619,430,87,28.56,367043.43000000005
2025-11-22,Organic SEO,0.0,1470,37,4,1,0.0,3049.75
2025-11-22,YouTube Partner,1104.08,28666,1344,240,63,17.53,224726.04
2025-11-22,Email Nurture,0.0,3528,100,11,2,0.0,7325.36
2025-11-23,Google Search,742.84,19639,954,113,27,27.51,72075.68999999999
2025-11-23,LinkedIn Ads,1028.51,34994,1747,297,38,27.07,111323.66
2025-11-23,Organic SEO,0.0,3016,143,24,6,0.0,7711.799999999999
2025-11-23,YouTube Partner,2477.7,77923,4185,410,53,46.75,129774.21
2025-11-23,Email Nurture,0.0,3443,92,11,2,0.0,8711.32
2025-11-24,Google Search,1225.89,49909,2878,482,73,16.79,207093.7
2025-11-24,LinkedIn Ads,1032.41,34066,1172,190,36,28.68,105414.84
2025-11-24,Organic SEO,0.0,4150,106,15,3,0.0,9917.28
2025-11-24,YouTube Partner,1573.12,46545,2132,241,64,24.58,214865.92
2025-11-24,Email Nurture,0.0,3382,92,9,1,0.0,2367.0
2025-11-25,Google Search,1430.97,52935,2258,328,55,26.02,88946.55
2025-11-25,LinkedIn Ads,1961.82,82427,2495,301,60,32.7,177598.8
2025-11-25,Organic SEO,0.0,3509,126,15,3,0.0,11110.619999999999
2025-11-25,YouTube Partner,1603.21,51215,1407,161,36,44.53,74448.72
2025-11-25,Email Nurture,0.0,1800,65,6,1,0.0,2956.76
2025-11-26,Google Search,2167.8,69026,2306,411,83,26.12,138136.07
2025-11-26,LinkedIn Ads,744.27,25780,559,70,13,57.25,49033.53
2025-11-26,Organic SEO,0.0,3776,82,10,2,0.0,3288.86
2025-11-26,YouTube Partner,2157.2,79501,4551,762,173,12.47,583150.13
2025-11-26,Email Nurture,0.0,4739,272,48,8,0.0,35760.24
2025-11-27,Google Search,600.83,18067,425,45,10,60.08,40146.5
2025-11-27,LinkedIn Ads,2002.51,75337,3055,460,83,24.13,330034.56
2025-11-27,Organic SEO,0.0,2321,124,12,2,0.0,2535.78
2025-11-27,YouTube Partner,2448.09,64465,3605,401,85,28.8,292547.89999999997
2025-11-27,Email Nurture,0.0,1532,85,10,2,0.0,4596.24
2025-11-28,Google Search,872.51,33259,824,138,33,26.44,60372.51
2025-11-28,LinkedIn Ads,1811.54,67122,1837,197,36,50.32,126270.0
2025-11-28,Organic SEO,0.0,1341,67,5,0,0.0,0.0
2025-11-28,YouTube Partner,2235.04,98361,4786,618,137,16.31,351569.39999999997
2025-11-28,Email Nurture,0.0,3636,104,13,2,0.0,7003.5
2025-11-29,Google Search,1320.54,55095,2596,385,59,22.38,262433.18000000005
2025-11-29,LinkedIn Ads,2143.77,87423,2903,387,54,39.7,160756.37999999998
2025-11-29,Organic SEO,0.0,2128,89,12,2,0.0,5690.4
2025-11-29,YouTube Partner,2220.22,60326,3117,302,38,58.43,68871.2
2025-11-29,Email Nurture,0.0,4977,254,23,4,0.0,5353.76
2025-11-30,Google Search,1786.19,55638,2357,408,68,26.27,92511.96
2025-11-30,LinkedIn Ads,1770.16,72110,4205,402,73,24.25,290953.18
2025-11-30,Organic SEO,0.0,2078,93,9,1,0.0,1609.21
2025-11-30,YouTube Partner,2324.17,66142,2838,392,70,33.2,165431.69999999998
2025-11-30,Email Nurture,0.0,4336,174,23,4,0.0,8349.52
2025-12-01,Google Search,376.07,12475,275,37,6,62.68,17765.34
2025-12-01,LinkedIn Ads,552.17,24103,1344,133,23,24.01,74164.19
2025-12-01,Organic SEO,0.0,2271,76,8,1,0.0,2105.35
2025-12-01,YouTube Partner,1821.79,51113,1243,165,34,53.58,52766.64
2025-12-01,Email Nurture,0.0,1572,41,6,1,0.0,1260.94
2025-12-02,Google Search,389.44,16653,911,105,27,14.42,85296.51000000001
2025-12-02,LinkedIn Ads,2063.29,69220,1698,209,40,51.58,120724.79999999999
2025-12-02,Organic SEO,0.0,3230,173,24,4,0.0,11290.28
2025-12-02,YouTube Partner,2213.38,68676,1811,170,42,52.7,155941.80000000002
2025-12-02,Email Nurture,0.0,4166,129,19,2,0.0,6150.3
2025-12-03,Google Search,1146.46,51083,2058,278,65,17.64,181933.7
2025-12-03,LinkedIn Ads,755.28,26997,1559,188,43,17.56,190382.93000000002
2025-12-03,Organic SEO,0.0,3752,114,9,1,0.0,4034.41
2025-12-03,YouTube Partner,2265.63,99969,5516,761,145,15.63,544765.0
2025-12-03,Email Nurture,0.0,2053,114,15,3,0.0,6658.32
2025-12-04,Google Search,1272.64,50000,1804,178,36,35.35,69969.95999999999
2025-12-04,LinkedIn Ads,2442.15,80119,4517,463,69,35.39,223268.13
2025-12-04,Organic SEO,0.0,2026,51,4,0,0.0,0.0
2025-12-04,YouTube Partner,2113.12,81227,4778,503,99,21.34,282554.91000000003
2025-12-04,Email Nurture,0.0,1361,81,9,2,0.0,4337.66
2025-12-05,Google Search,1944.71,57138,2281,370,92,21.14,351543.96
2025-12-05,LinkedIn Ads,2103.4,61481,2415,310,81,25.97,176558.93999999997
2025-12-05,Organic SEO,0.0,2176,82,10,2,0.0,5222.82
2025-12-05,YouTube Partner,1828.6,61609,2261,352,52,35.17,120501.16
2025-12-05,Email Nurture,0.0,3943,183,26,4,0.0,10012.12
2025-12-06,Google Search,1787.43,76566,2497,253,54,33.1,76774.5
2025-12-06,LinkedIn Ads,1857.72,72567,2481,419,83,22.38,276474.66
2025-12-06,Organic SEO,0.0,1789,65,10,1,0.0,2488.9
2025-12-06,YouTube Partner,965.67,27060,854,88,23,41.99,83847.88
2025-12-06,Email Nurture,0.0,3405,85,10,1,0.0,2571.35
2025-12-07,Google Search,1114.76,44331,2259,317,39,28.58,166622.43
2025-12-07,LinkedIn Ads,1794.02,46077,2430,243,51,35.18,139734.38999999998
2025-12-07,Organic SEO,0.0,4775,189,16,4,0.0,8480.6
2025-12-07,YouTube Partner,708.11,21681,923,80,15,47.21,62339.25
2025-12-07,Email Nurture,0.0,2125,48,6,0,0.0,0.0
2025-12-08,Google Search,1202.01,33348,881,77,11,109.27,39172.1
2025-12-08,LinkedIn Ads,2070.09,70487,2837,236,30,69.0,61499.09999999999
2025-12-08,Organic SEO,0.0,4606,145,24,4,0.0,15120.28
2025-12-08,YouTube Partner,803.92,30866,1016,133,30,26.8,94299.3
2025-12-08,Email Nurture,0.0,3028,68,7,1,0.0,1260.45
2025-12-09,Google Search,813.95,24079,722,96,20,40.7,83993.79999999999
2025-12-09,LinkedIn Ads,1118.57,48693,2243,384,97,11.53,336494.94
2025-12-09,Organic SEO,0.0,1599,80,10,1,0.0,1610.6
2025-12-09,YouTube Partner,1026.36,28482,1706,144,27,38.01,72681.56999999999
2025-12-09,Email Nurture,0.0,2940,108,9,1,0.0,3422.52
2025-12-10,Google Search,1199.46,50914,1695,158,39,30.76,133537.17
2025-12-10,LinkedIn Ads,794.09,28372,1023,177,38,20.9,65461.840000000004
2025-12-10,Organic SEO,0.0,4533,168,19,3,0.0,9568.17
2025-12-10,YouTube Partner,2499.56,87134,2469,237,30,83.32,91323.0
2025-12-10,Email Nurture,0.0,2108,113,13,1,0.0,2296.71
2025-12-11,Google Search,1274.34,45453,1837,247,62,20.55,109202.45999999999
2025-12-11,LinkedIn Ads,961.12,41109,1743,241,47,20.45,141546.13999999998
2025-12-11,Organic SEO,0.0,3856,138,21,4,0.0,7146.92
2025-12-11,YouTube Partner,365.29,14121,424,55,13,28.1,39738.4
2025-12-11,Email Nurture,0.0,1555,58,8,1,0.0,2046.87
2025-12-12,Google Search,1759.95,77716,3946,554,154,11.43,319639.32
2025-12-12,LinkedIn Ads,390.27,10007,484,78,17,22.96,71172.03
2025-12-12,Organic SEO,0.0,1767,94,8,1,0.0,1529.79
2025-12-12,YouTube Partner,2232.68,69400,3204,412,73,30.58,243087.08000000002
2025-12-12,Email Nurture,0.0,4716,222,33,7,0.0,29268.54
2025-12-13,Google Search,770.04,20576,457,76,20,38.5,43966.8
2025-12-13,LinkedIn Ads,1810.41,45582,1255,186,24,75.43,65905.92
2025-12-13,Organic SEO,0.0,4918,168,21,5,0.0,18801.7
2025-12-13,YouTube Partner,438.98,18791,730,112,15,29.27,51200.549999999996
2025-12-13,Email Nurture,0.0,4463,116,9,1,0.0,2400.08
2025-12-14,Google Search,1555.39,44888,2337,363,83,18.74,233117.95
2025-12-14,LinkedIn Ads,1071.74,34844,1398,122,27,39.69,63719.189999999995
2025-12-14,Organic SEO,0.0,3897,159,13,2,0.0,2907.2
2025-12-14,YouTube Partner,1134.12,43548,1689,199,27,42.0,54224.1
2025-12-14,Email Nurture,0.0,4673,197,18,3,0.0,9242.039999999999
2025-12-15,Google Search,1612.77,52109,1201,174,34,47.43,56157.8
2025-12-15,LinkedIn Ads,2355.72,103918,5639,926,125,18.85,559786.25
2025-12-15,Organic SEO,0.0,3548,97,13,3,0.0,12339.78
2025-12-15,YouTube Partner,407.37,13598,589,55,13,31.34,47527.74
2025-12-15,Email Nurture,0.0,4082,158,16,4,0.0,10314.84
2025-12-16,Google Search,2194.26,59669,1954,190,35,62.69,54894.0
2025-12-16,LinkedIn Ads,1242.33,39850,1152,166,45,27.61,84756.15
2025-12-16,Organic SEO,0.0,4432,149,15,4,0.0,16827.0
2025-12-16,YouTube Partner,315.23,12739,311,25,4,78.81,8355.36
2025-12-16,Email Nurture,0.0,4017,194,34,7,0.0,18061.68
2025-12-17,Google Search,1822.59,81996,3969,619,167,10.91,263033.35
2025-12-17,LinkedIn Ads,1835.76,77131,4487,453,90,20.4,310124.7
2025-12-17,Organic SEO,0.0,4144,150,18,4,0.0,13794.56
2025-12-17,YouTube Partner,959.22,38059,1263,116,22,43.6,80924.36
2025-12-17,Email Nurture,0.0,1698,47,6,1,0.0,1758.52
2025-12-18,Google Search,494.25,19762,636,111,26,19.01,59235.54
2025-12-18,LinkedIn Ads,901.47,31978,740,67,9,100.16,33809.31
2025-12-18,Organic SEO,0.0,3227,100,10,1,0.0,1713.9
2025-12-18,YouTube Partner,1979.95,77961,1702,170,35,56.57,79263.45
2025-12-18,Email Nurture,0.0,4382,131,15,3,0.0,12637.29
2025-12-19,Google Search,704.98,25279,1149,151,28,25.18,51338.56
2025-12-19,LinkedIn Ads,1348.49,44532,2307,360,50,26.97,74605.5
2025-12-19,Organic SEO,0.0,2956,169,18,4,0.0,8536.6
2025-12-19,YouTube Partner,2063.62,60232,1910,189,30,68.79,118651.8
2025-12-19,Email Nurture,0.0,1755,101,18,4,0.0,4878.44
2025-12-20,Google Search,357.34,9988,339,55,14,25.52,25431.7
2025-12-20,LinkedIn Ads,1644.24,71273,2747,248,47,34.98,114685.64
2025-12-20,Organic SEO,0.0,2456,127,22,5,0.0,12862.9
2025-12-20,YouTube Partner,2015.75,87163,4227,516,67,30.09,259424.0
2025-12-20,Email Nurture,0.0,2463,127,13,1,0.0,2906.15
2025-12-21,Google Search,692.54,27810,1269,218,53,13.07,95217.68
2025-12-21,LinkedIn Ads,2050.36,77574,3627,592,125,16.4,342226.25
2025-12-21,Organic SEO,0.0,3310,108,10,1,0.0,3636.57
2025-12-21,YouTube Partner,2039.11,67672,2425,425,113,18.05,222585.13999999998
2025-12-21,Email Nurture,0.0,1863,73,8,1,0.0,2375.26
2025-12-22,Google Search,2418.48,105743,5701,980,188,12.86,558401.36
2025-12-22,LinkedIn Ads,1919.71,74720,4156,630,176,10.91,413612.32
2025-12-22,Organic SEO,0.0,3013,107,18,4,0.0,7989.44
2025-12-22,YouTube Partner,1806.43,47515,2780,319,80,22.58,180065.6
2025-12-22,Email Nurture,0.0,2067,60,7,1,0.0,1451.09
2025-12-23,Google Search,1608.1,70152,3789,328,91,17.67,319027.8
2025-12-23,LinkedIn Ads,615.13,15531,417,68,8,76.89,15755.12
2025-12-23,Organic SEO,0.0,3143,114,14,3,0.0,7259.91
2025-12-23,YouTube Partner,729.56,31150,1845,151,31,23.53,72156.22
2025-12-23,Email Nurture,0.0,3745,148,12,3,0.0,9404.039999999999
2025-12-24,Google Search,1823.18,64729,3455,287,46,39.63,126492.64000000001
2025-12-24,LinkedIn Ads,422.36,16521,590,63,7,60.34,25028.08
2025-12-24,Organic SEO,0.0,2983,62,5,1,0.0,3273.25
2025-12-24,YouTube Partner,1264.0,33591,1571,147,33,38.3,146232.24
2025-12-24,Email Nurture,0.0,4309,189,32,5,0.0,11265.050000000001
2025-12-25,Google Search,2246.07,58363,1485,131,33,68.06,40755.0
2025-12-25,LinkedIn Ads,2188.73,74472,1501,180,26,84.18,84773.52
2025-12-25,Organic SEO,0.0,2527,78,12,2,0.0,5023.64
2025-12-25,YouTube Partner,1202.69,52340,1502,224,52,23.13,220692.16
2025-12-25,Email Nurture,0.0,2175,94,16,4,0.0,14261.44
2025-12-26,Google Search,323.3,10497,475,62,10,32.33,16766.0
2025-12-26,LinkedIn Ads,1494.24,45900,1345,161,39,38.31,109586.88
2025-12-26,Organic SEO,0.0,3402,152,14,3,0.0,5538.18
2025-12-26,YouTube Partner,2347.63,70455,3477,377,64,36.68,142272.64
2025-12-26,Email Nurture,0.0,4758,118,10,2,0.0,2536.94
2025-12-27,Google Search,482.75,15424,335,40,5,96.55,11772.9
2025-12-27,LinkedIn Ads,2030.11,76184,2880,256,56,36.25,97453.44
2025-12-27,Organic SEO,0.0,3675,83,13,2,0.0,6459.34
2025-12-27,YouTube Partner,2453.0,90540,4435,552,71,34.55,272077.68
2025-12-27,Email Nurture,0.0,1890,90,7,1,0.0,1720.2
2025-12-28,Google Search,1407.11,51982,1991,227,44,31.98,98017.48000000001
2025-12-28,LinkedIn Ads,1235.78,39765,1695,175,48,25.75,136937.76
2025-12-28,Organic SEO,0.0,4021,224,23,3,0.0,5858.4
2025-12-28,YouTube Partner,2319.15,90578,4596,540,143,16.22,544122.15
2025-12-28,Email Nurture,0.0,2748,125,21,4,0.0,14578.8
2025-12-29,Google Search,2132.0,55634,2839,401,52,41.0,149672.12
2025-12-29,LinkedIn Ads,435.53,17298,724,126,18,24.2,57598.38
2025-12-29,Organic SEO,0.0,4520,107,10,1,0.0,1798.33
2025-12-29,YouTube Partner,993.51,35532,2017,270,62,16.02,147580.46
2025-12-29,Email Nurture,0.0,1251,45,5,1,0.0,2545.07
2025-12-30,Google Search,309.52,8097,439,77,17,18.21,40841.14
2025-12-30,LinkedIn Ads,2361.85,90355,4858,760,137,17.24,380821.63999999996
2025-12-30,Organic SEO,0.0,4088,223,20,3,0.0,9932.49
2025-12-30,YouTube Partner,328.13,12735,523,56,14,23.44,30200.38
2025-12-30,Email Nurture,0.0,1306,26,4,0,0.0,0.0
2025-12-31,Google Search,1453.68,40134,2083,314,64,22.71,185473.92
2025-12-31,LinkedIn Ads,446.83,17031,961,85,13,34.37,54309.06
2025-12-31,Organic SEO,0.0,2003,83,14,3,0.0,6444.27
2025-12-31,YouTube Partner,1818.96,67195,2658,389,69,26.36,297859.2
2025-12-31,Email Nurture,0.0,4293,127,10,2,0.0,5641.52
