order_id,order_date,customer_id,category,region,sales_rep,quantity,unit_price,discount,sales,cogs,profit
SO-2024000,2024-01-01,CUST-1000,Security Suite,EMEA,Gordon Freeman,14,3200.0,0.15,38080.0,12783.35,25296.65
SO-2024001,2024-01-02,CUST-1001,Developer Tools,APAC,Alex Vance,2,750.0,0.0,1500.0,613.1,886.9
SO-2024002,2024-01-03,CUST-1002,Database Enterprise,APAC,Marcus Fenix,12,8500.0,0.0,102000.0,42743.68,59256.32
SO-2024003,2024-01-04,CUST-1003,Developer Tools,LATAM,Gordon Freeman,6,750.0,0.0,4500.0,1288.29,3211.71
SO-2024004,2024-01-05,CUST-1004,Developer Tools,APAC,Gordon Freeman,11,750.0,0.15,7012.5,2710.62,4301.88
SO-2024005,2024-01-06,CUST-1005,AI Copilot Seats,EMEA,Ellen Ripley,1,1200.0,0.15,1020.0,338.68,681.32
SO-2024006,2024-01-07,CUST-1006,Database Enterprise,EMEA,Gordon Freeman,3,8500.0,0.05,24225.0,8114.02,16110.98
SO-2024007,2024-01-08,CUST-1007,Database Enterprise,APAC,Sarah Connor,5,8500.0,0.1,38250.0,14749.09,23500.91
SO-2024008,2024-01-09,CUST-1008,Database Enterprise,LATAM,Marcus Fenix,4,8500.0,0.05,32300.0,13197.12,19102.88
SO-2024009,2024-01-10,CUST-1009,Developer Tools,APAC,Sarah Connor,3,750.0,0.05,2137.5,883.07,1254.43
SO-2024010,2024-01-11,CUST-1010,Security Suite,North America,Marcus Fenix,10,3200.0,0.0,32000.0,11545.51,20454.49
SO-2024011,2024-01-12,CUST-1011,Database Enterprise,North America,Ellen Ripley,13,8500.0,0.1,99450.0,32818.2,66631.8
SO-2024012,2024-01-13,CUST-1012,Developer Tools,North America,Gordon Freeman,5,750.0,0.0,3750.0,1463.46,2286.54
SO-2024013,2024-01-14,CUST-1013,AI Copilot Seats,APAC,Gordon Freeman,11,1200.0,0.1,11880.0,3743.87,8136.13
SO-2024014,2024-01-15,CUST-1014,Security Suite,APAC,Gordon Freeman,8,3200.0,0.1,23040.0,8270.68,14769.32
SO-2024015,2024-01-16,CUST-1015,AI Copilot Seats,APAC,Marcus Fenix,11,1200.0,0.05,12540.0,4140.72,8399.28
SO-2024016,2024-01-17,CUST-1016,Security Suite,North America,Gordon Freeman,4,3200.0,0.0,12800.0,4760.68,8039.32
SO-2024017,2024-01-18,CUST-1017,Developer Tools,LATAM,Sarah Connor,1,750.0,0.0,750.0,235.24,514.76
SO-2024018,2024-01-19,CUST-1018,Cloud Infrastructure,EMEA,Gordon Freeman,11,4800.0,0.0,52800.0,16200.26,36599.74
SO-2024019,2024-01-20,CUST-1019,Security Suite,APAC,Ellen Ripley,7,3200.0,0.0,22400.0,9151.6,13248.4
SO-2024020,2024-01-21,CUST-1020,AI Copilot Seats,LATAM,Sarah Connor,8,1200.0,0.0,9600.0,2824.82,6775.18
SO-2024021,2024-01-22,CUST-1021,Developer Tools,EMEA,Gordon Freeman,3,750.0,0.15,1912.5,670.97,1241.53
SO-2024022,2024-01-23,CUST-1022,Security Suite,EMEA,Gordon Freeman,6,3200.0,0.05,18240.0,5671.17,12568.83
SO-2024023,2024-01-24,CUST-1023,Cloud Infrastructure,EMEA,Alex Vance,2,4800.0,0.0,9600.0,2740.32,6859.68
SO-2024024,2024-01-25,CUST-1024,Cloud Infrastructure,LATAM,Marcus Fenix,7,4800.0,0.0,33600.0,9577.43,24022.57
SO-2024025,2024-01-26,CUST-1025,Database Enterprise,LATAM,Sarah Connor,8,8500.0,0.0,68000.0,20708.11,47291.89
SO-2024026,2024-01-27,CUST-1026,Database Enterprise,North America,Alex Vance,6,8500.0,0.05,48450.0,19445.3,29004.7
SO-2024027,2024-01-28,CUST-1027,AI Copilot Seats,LATAM,Ellen Ripley,6,1200.0,0.05,6840.0,2185.7,4654.3
SO-2024028,2024-01-29,CUST-1028,Security Suite,LATAM,Marcus Fenix,5,3200.0,0.15,13600.0,5617.67,7982.33
SO-2024029,2024-01-30,CUST-1029,Security Suite,LATAM,Sarah Connor,8,3200.0,0.0,25600.0,9252.53,16347.47
SO-2024030,2024-01-31,CUST-1030,Database Enterprise,EMEA,Gordon Freeman,1,8500.0,0.15,7225.0,2464.64,4760.36
SO-2024031,2024-02-01,CUST-1031,Security Suite,APAC,Sarah Connor,10,3200.0,0.1,28800.0,10402.92,18397.08
SO-2024032,2024-02-02,CUST-1032,Security Suite,North America,Gordon Freeman,4,3200.0,0.0,12800.0,4509.92,8290.08
SO-2024033,2024-02-03,CUST-1033,Cloud Infrastructure,APAC,Marcus Fenix,4,4800.0,0.15,16320.0,6303.25,10016.75
SO-2024034,2024-02-04,CUST-1034,Database Enterprise,APAC,Gordon Freeman,3,8500.0,0.0,25500.0,8148.51,17351.49
SO-2024035,2024-02-05,CUST-1035,Developer Tools,LATAM,Ellen Ripley,3,750.0,0.1,2025.0,667.09,1357.91
SO-2024036,2024-02-06,CUST-1036,Database Enterprise,North America,Gordon Freeman,4,8500.0,0.0,34000.0,13775.89,20224.11
SO-2024037,2024-02-07,CUST-1037,Developer Tools,APAC,Ellen Ripley,11,750.0,0.1,7425.0,3062.84,4362.16
SO-2024038,2024-02-08,CUST-1038,Cloud Infrastructure,APAC,Marcus Fenix,1,4800.0,0.1,4320.0,1749.42,2570.58
SO-2024039,2024-02-09,CUST-1039,AI Copilot Seats,North America,Marcus Fenix,14,1200.0,0.1,15120.0,5121.49,9998.51
SO-2024040,2024-02-10,CUST-1040,Security Suite,LATAM,Sarah Connor,11,3200.0,0.1,31680.0,12331.48,19348.52
SO-2024041,2024-02-11,CUST-1041,Cloud Infrastructure,APAC,Ellen Ripley,13,4800.0,0.0,62400.0,21633.27,40766.73
SO-2024042,2024-02-12,CUST-1042,Security Suite,EMEA,Ellen Ripley,11,3200.0,0.0,35200.0,12307.88,22892.12
SO-2024043,2024-02-13,CUST-1043,AI Copilot Seats,APAC,Alex Vance,2,1200.0,0.0,2400.0,740.77,1659.23
SO-2024044,2024-02-14,CUST-1044,AI Copilot Seats,EMEA,Alex Vance,9,1200.0,0.0,10800.0,3917.79,6882.21
SO-2024045,2024-02-15,CUST-1045,Cloud Infrastructure,LATAM,Alex Vance,10,4800.0,0.05,45600.0,13956.29,31643.71
SO-2024046,2024-02-16,CUST-1046,AI Copilot Seats,APAC,Gordon Freeman,2,1200.0,0.0,2400.0,783.41,1616.59
SO-2024047,2024-02-17,CUST-1047,Developer Tools,North America,Alex Vance,5,750.0,0.15,3187.5,1274.06,1913.44
SO-2024048,2024-02-18,CUST-1048,AI Copilot Seats,North America,Ellen Ripley,9,1200.0,0.05,10260.0,3170.24,7089.76
SO-2024049,2024-02-19,CUST-1049,Security Suite,APAC,Gordon Freeman,9,3200.0,0.1,25920.0,7515.82,18404.18
SO-2024050,2024-02-20,CUST-1050,Security Suite,LATAM,Marcus Fenix,8,3200.0,0.0,25600.0,7415.32,18184.68
SO-2024051,2024-02-21,CUST-1051,Security Suite,LATAM,Sarah Connor,1,3200.0,0.1,2880.0,1185.72,1694.28
SO-2024052,2024-02-22,CUST-1052,Security Suite,North America,Alex Vance,1,3200.0,0.15,2720.0,954.64,1765.36
SO-2024053,2024-02-23,CUST-1053,Developer Tools,APAC,Marcus Fenix,9,750.0,0.0,6750.0,2276.89,4473.11
SO-2024054,2024-02-24,CUST-1054,Database Enterprise,LATAM,Ellen Ripley,13,8500.0,0.05,104975.0,41310.08,63664.92
SO-2024055,2024-02-25,CUST-1055,Cloud Infrastructure,North America,Sarah Connor,11,4800.0,0.1,47520.0,18866.18,28653.82
SO-2024056,2024-02-26,CUST-1056,Security Suite,EMEA,Marcus Fenix,8,3200.0,0.0,25600.0,8358.57,17241.43
SO-2024057,2024-02-27,CUST-1057,AI Copilot Seats,APAC,Sarah Connor,10,1200.0,0.05,11400.0,4299.01,7100.99
SO-2024058,2024-02-28,CUST-1058,Security Suite,EMEA,Alex Vance,9,3200.0,0.0,28800.0,11173.17,17626.83
SO-2024059,2024-02-29,CUST-1059,AI Copilot Seats,EMEA,Ellen Ripley,7,1200.0,0.0,8400.0,3121.87,5278.13
SO-2024060,2024-03-01,CUST-1060,AI Copilot Seats,LATAM,Sarah Connor,3,1200.0,0.0,3600.0,1084.4,2515.6
SO-2024061,2024-03-02,CUST-1061,Security Suite,LATAM,Marcus Fenix,3,3200.0,0.0,9600.0,3865.19,5734.81
SO-2024062,2024-03-03,CUST-1062,Developer Tools,LATAM,Alex Vance,2,750.0,0.0,1500.0,533.21,966.79
SO-2024063,2024-03-04,CUST-1063,AI Copilot Seats,APAC,Alex Vance,5,1200.0,0.0,6000.0,1917.28,4082.72
SO-2024064,2024-03-05,CUST-1064,AI Copilot Seats,EMEA,Marcus Fenix,12,1200.0,0.15,12240.0,4155.87,8084.13
SO-2024065,2024-03-06,CUST-1065,Security Suite,APAC,Marcus Fenix,12,3200.0,0.05,36480.0,10406.28,26073.72
SO-2024066,2024-03-07,CUST-1066,AI Copilot Seats,LATAM,Sarah Connor,3,1200.0,0.15,3060.0,911.58,2148.42
SO-2024067,2024-03-08,CUST-1067,AI Copilot Seats,EMEA,Gordon Freeman,14,1200.0,0.0,16800.0,6504.57,10295.43
SO-2024068,2024-03-09,CUST-1068,Security Suite,APAC,Alex Vance,6,3200.0,0.0,19200.0,5376.03,13823.97
SO-2024069,2024-03-10,CUST-1069,Security Suite,APAC,Sarah Connor,2,3200.0,0.05,6080.0,2056.98,4023.02
SO-2024070,2024-03-11,CUST-1070,Cloud Infrastructure,North America,Marcus Fenix,12,4800.0,0.0,57600.0,20341.52,37258.48
SO-2024071,2024-03-12,CUST-1071,Developer Tools,APAC,Sarah Connor,3,750.0,0.0,2250.0,647.21,1602.79
SO-2024072,2024-03-13,CUST-1072,Developer Tools,LATAM,Marcus Fenix,5,750.0,0.05,3562.5,1482.82,2079.68
SO-2024073,2024-03-14,CUST-1073,AI Copilot Seats,APAC,Ellen Ripley,12,1200.0,0.0,14400.0,4487.87,9912.13
SO-2024074,2024-03-15,CUST-1074,Developer Tools,EMEA,Marcus Fenix,11,750.0,0.05,7837.5,2528.28,5309.22
SO-2024075,2024-03-16,CUST-1075,AI Copilot Seats,APAC,Marcus Fenix,11,1200.0,0.05,12540.0,4044.8,8495.2
SO-2024076,2024-03-17,CUST-1076,Cloud Infrastructure,North America,Marcus Fenix,1,4800.0,0.0,4800.0,1498.84,3301.16
SO-2024077,2024-03-18,CUST-1077,Security Suite,EMEA,Gordon Freeman,13,3200.0,0.0,41600.0,11656.58,29943.42
SO-2024078,2024-03-19,CUST-1078,Security Suite,EMEA,Marcus Fenix,1,3200.0,0.1,2880.0,1100.47,1779.53
SO-2024079,2024-03-20,CUST-1079,Security Suite,North America,Alex Vance,10,3200.0,0.0,32000.0,13291.47,18708.53
SO-2024080,2024-03-21,CUST-1000,Developer Tools,LATAM,Alex Vance,9,750.0,0.0,6750.0,2101.96,4648.04
SO-2024081,2024-03-22,CUST-1001,Cloud Infrastructure,EMEA,Sarah Connor,7,4800.0,0.15,28560.0,10647.93,17912.07
SO-2024082,2024-03-23,CUST-1002,Developer Tools,LATAM,Gordon Freeman,1,750.0,0.0,750.0,287.9,462.1
SO-2024083,2024-03-24,CUST-1003,Developer Tools,EMEA,Sarah Connor,12,750.0,0.05,8550.0,3409.57,5140.43
SO-2024084,2024-03-25,CUST-1004,Cloud Infrastructure,EMEA,Alex Vance,14,4800.0,0.15,57120.0,19373.28,37746.72
SO-2024085,2024-03-26,CUST-1005,Cloud Infrastructure,LATAM,Alex Vance,8,4800.0,0.0,38400.0,12380.56,26019.44
SO-2024086,2024-03-27,CUST-1006,Cloud Infrastructure,EMEA,Ellen Ripley,3,4800.0,0.0,14400.0,4687.79,9712.21
SO-2024087,2024-03-28,CUST-1007,Cloud Infrastructure,LATAM,Marcus Fenix,8,4800.0,0.0,38400.0,14583.05,23816.95
SO-2024088,2024-03-29,CUST-1008,Security Suite,North America,Alex Vance,5,3200.0,0.0,16000.0,6309.59,9690.41
SO-2024089,2024-03-30,CUST-1009,Database Enterprise,LATAM,Sarah Connor,1,8500.0,0.0,8500.0,2596.12,5903.88
SO-2024090,2024-03-31,CUST-1010,Database Enterprise,North America,Sarah Connor,7,8500.0,0.05,56525.0,18762.44,37762.56
SO-2024091,2024-04-01,CUST-1011,Cloud Infrastructure,EMEA,Marcus Fenix,5,4800.0,0.0,24000.0,9750.52,14249.48
SO-2024092,2024-04-02,CUST-1012,Database Enterprise,LATAM,Marcus Fenix,6,8500.0,0.05,48450.0,19037.8,29412.2
SO-2024093,2024-04-03,CUST-1013,Database Enterprise,EMEA,Ellen Ripley,6,8500.0,0.15,43350.0,18115.11,25234.89
SO-2024094,2024-04-04,CUST-1014,Cloud Infrastructure,LATAM,Gordon Freeman,8,4800.0,0.1,34560.0,13326.15,21233.85
SO-2024095,2024-04-05,CUST-1015,Database Enterprise,North America,Sarah Connor,9,8500.0,0.05,72675.0,24349.56,48325.44
SO-2024096,2024-04-06,CUST-1016,Developer Tools,North America,Marcus Fenix,2,750.0,0.0,1500.0,544.03,955.97
SO-2024097,2024-04-07,CUST-1017,AI Copilot Seats,LATAM,Sarah Connor,9,1200.0,0.05,10260.0,3822.28,6437.72
SO-2024098,2024-04-08,CUST-1018,AI Copilot Seats,North America,Marcus Fenix,12,1200.0,0.05,13680.0,3980.66,9699.34
SO-2024099,2024-04-09,CUST-1019,Cloud Infrastructure,EMEA,Alex Vance,11,4800.0,0.0,52800.0,18808.92,33991.08
SO-2024100,2024-04-10,CUST-1020,Security Suite,EMEA,Sarah Connor,10,3200.0,0.0,32000.0,12137.76,19862.24
SO-2024101,2024-04-11,CUST-1021,Cloud Infrastructure,APAC,Alex Vance,9,4800.0,0.1,38880.0,11797.16,27082.84
SO-2024102,2024-04-12,CUST-1022,Security Suite,North America,Sarah Connor,13,3200.0,0.0,41600.0,16194.4,25405.6
SO-2024103,2024-04-13,CUST-1023,AI Copilot Seats,EMEA,Gordon Freeman,10,1200.0,0.0,12000.0,4340.74,7659.26
SO-2024104,2024-04-14,CUST-1024,Cloud Infrastructure,LATAM,Ellen Ripley,10,4800.0,0.0,48000.0,19838.93,28161.07
SO-2024105,2024-04-15,CUST-1025,Developer Tools,North America,Alex Vance,7,750.0,0.0,5250.0,1501.18,3748.82
SO-2024106,2024-04-16,CUST-1026,Database Enterprise,EMEA,Marcus Fenix,1,8500.0,0.1,7650.0,2426.16,5223.84
SO-2024107,2024-04-17,CUST-1027,Security Suite,North America,Gordon Freeman,7,3200.0,0.05,21280.0,7750.55,13529.45
SO-2024108,2024-04-18,CUST-1028,Database Enterprise,LATAM,Sarah Connor,10,8500.0,0.1,76500.0,24596.16,51903.84
SO-2024109,2024-04-19,CUST-1029,Database Enterprise,EMEA,Alex Vance,5,8500.0,0.0,42500.0,16150.82,26349.18
SO-2024110,2024-04-20,CUST-1030,Cloud Infrastructure,APAC,Sarah Connor,6,4800.0,0.0,28800.0,11124.31,17675.69
SO-2024111,2024-04-21,CUST-1031,Database Enterprise,APAC,Sarah Connor,10,8500.0,0.0,85000.0,25019.94,59980.06
SO-2024112,2024-04-22,CUST-1032,Developer Tools,North America,Sarah Connor,7,750.0,0.0,5250.0,1847.68,3402.32
SO-2024113,2024-04-23,CUST-1033,Database Enterprise,LATAM,Ellen Ripley,14,8500.0,0.0,119000.0,41798.12,77201.88
SO-2024114,2024-04-24,CUST-1034,Cloud Infrastructure,EMEA,Ellen Ripley,5,4800.0,0.1,21600.0,7164.71,14435.29
SO-2024115,2024-04-25,CUST-1035,Developer Tools,LATAM,Marcus Fenix,7,750.0,0.0,5250.0,2155.7,3094.3
SO-2024116,2024-04-26,CUST-1036,AI Copilot Seats,EMEA,Alex Vance,9,1200.0,0.05,10260.0,4061.43,6198.57
SO-2024117,2024-04-27,CUST-1037,Database Enterprise,North America,Gordon Freeman,3,8500.0,0.0,25500.0,9629.04,15870.96
SO-2024118,2024-04-28,CUST-1038,Cloud Infrastructure,EMEA,Gordon Freeman,8,4800.0,0.0,38400.0,14592.22,23807.78
SO-2024119,2024-04-29,CUST-1039,AI Copilot Seats,LATAM,Gordon Freeman,2,1200.0,0.0,2400.0,827.14,1572.86
SO-2024120,2024-04-30,CUST-1040,AI Copilot Seats,LATAM,Sarah Connor,11,1200.0,0.15,11220.0,4588.3,6631.7
SO-2024121,2024-05-01,CUST-1041,Security Suite,North America,Ellen Ripley,7,3200.0,0.1,20160.0,7605.23,12554.77
SO-2024122,2024-05-02,CUST-1042,Developer Tools,LATAM,Alex Vance,13,750.0,0.15,8287.5,3166.3,5121.2
SO-2024123,2024-05-03,CUST-1043,Database Enterprise,EMEA,Sarah Connor,2,8500.0,0.0,17000.0,6810.82,10189.18
SO-2024124,2024-05-04,CUST-1044,Cloud Infrastructure,North America,Ellen Ripley,14,4800.0,0.0,67200.0,21394.47,45805.53
SO-2024125,2024-05-05,CUST-1045,Security Suite,EMEA,Ellen Ripley,4,3200.0,0.05,12160.0,4778.76,7381.24
SO-2024126,2024-05-06,CUST-1046,Developer Tools,LATAM,Alex Vance,7,750.0,0.0,5250.0,1613.5,3636.5
SO-2024127,2024-05-07,CUST-1047,Security Suite,North America,Alex Vance,3,3200.0,0.1,8640.0,2836.93,5803.07
SO-2024128,2024-05-08,CUST-1048,Developer Tools,EMEA,Alex Vance,2,750.0,0.0,1500.0,490.48,1009.52
SO-2024129,2024-05-09,CUST-1049,Developer Tools,LATAM,Sarah Connor,11,750.0,0.0,8250.0,3440.2,4809.8
SO-2024130,2024-05-10,CUST-1050,Database Enterprise,LATAM,Marcus Fenix,10,8500.0,0.0,85000.0,33992.79,51007.21
SO-2024131,2024-05-11,CUST-1051,Developer Tools,APAC,Alex Vance,7,750.0,0.0,5250.0,1985.36,3264.64
SO-2024132,2024-05-12,CUST-1052,Security Suite,LATAM,Marcus Fenix,1,3200.0,0.05,3040.0,1160.64,1879.36
SO-2024133,2024-05-13,CUST-1053,Developer Tools,EMEA,Sarah Connor,14,750.0,0.0,10500.0,3766.25,6733.75
SO-2024134,2024-05-14,CUST-1054,Database Enterprise,North America,Marcus Fenix,8,8500.0,0.0,68000.0,28056.3,39943.7
SO-2024135,2024-05-15,CUST-1055,Database Enterprise,APAC,Gordon Freeman,3,8500.0,0.0,25500.0,8911.64,16588.36
SO-2024136,2024-05-16,CUST-1056,Security Suite,LATAM,Marcus Fenix,12,3200.0,0.0,38400.0,12797.66,25602.34
SO-2024137,2024-05-17,CUST-1057,AI Copilot Seats,LATAM,Alex Vance,12,1200.0,0.1,12960.0,3924.61,9035.39
SO-2024138,2024-05-18,CUST-1058,AI Copilot Seats,LATAM,Sarah Connor,13,1200.0,0.1,14040.0,5476.57,8563.43
SO-2024139,2024-05-19,CUST-1059,Developer Tools,EMEA,Alex Vance,2,750.0,0.15,1275.0,488.1,786.9
SO-2024140,2024-05-20,CUST-1060,Cloud Infrastructure,APAC,Gordon Freeman,3,4800.0,0.1,12960.0,4326.17,8633.83
SO-2024141,2024-05-21,CUST-1061,Developer Tools,EMEA,Alex Vance,5,750.0,0.0,3750.0,1063.23,2686.77
SO-2024142,2024-05-22,CUST-1062,Security Suite,APAC,Alex Vance,11,3200.0,0.05,33440.0,13291.05,20148.95
SO-2024143,2024-05-23,CUST-1063,Security Suite,North America,Alex Vance,8,3200.0,0.0,25600.0,7208.92,18391.08
SO-2024144,2024-05-24,CUST-1064,Security Suite,EMEA,Ellen Ripley,10,3200.0,0.0,32000.0,12112.58,19887.42
SO-2024145,2024-05-25,CUST-1065,Security Suite,EMEA,Gordon Freeman,7,3200.0,0.1,20160.0,8383.25,11776.75
SO-2024146,2024-05-26,CUST-1066,Security Suite,North America,Alex Vance,7,3200.0,0.0,22400.0,7644.51,14755.49
SO-2024147,2024-05-27,CUST-1067,Database Enterprise,APAC,Alex Vance,12,8500.0,0.15,86700.0,27128.11,59571.89
SO-2024148,2024-05-28,CUST-1068,AI Copilot Seats,LATAM,Alex Vance,7,1200.0,0.0,8400.0,3180.93,5219.07
SO-2024149,2024-05-29,CUST-1069,Security Suite,North America,Sarah Connor,8,3200.0,0.05,24320.0,9591.76,14728.24
SO-2024150,2024-05-30,CUST-1070,Cloud Infrastructure,LATAM,Ellen Ripley,1,4800.0,0.05,4560.0,1625.64,2934.36
SO-2024151,2024-05-31,CUST-1071,Cloud Infrastructure,LATAM,Sarah Connor,4,4800.0,0.1,17280.0,7177.85,10102.15
SO-2024152,2024-06-01,CUST-1072,Cloud Infrastructure,North America,Ellen Ripley,13,4800.0,0.05,59280.0,17027.21,42252.79
SO-2024153,2024-06-02,CUST-1073,Cloud Infrastructure,APAC,Alex Vance,6,4800.0,0.05,27360.0,9594.37,17765.63
SO-2024154,2024-06-03,CUST-1074,Database Enterprise,LATAM,Gordon Freeman,9,8500.0,0.0,76500.0,29114.64,47385.36
SO-2024155,2024-06-04,CUST-1075,Cloud Infrastructure,North America,Marcus Fenix,13,4800.0,0.05,59280.0,23757.63,35522.37
SO-2024156,2024-06-05,CUST-1076,Security Suite,EMEA,Marcus Fenix,2,3200.0,0.0,6400.0,1952.61,4447.39
SO-2024157,2024-06-06,CUST-1077,Developer Tools,EMEA,Alex Vance,1,750.0,0.05,712.5,279.3,433.2
SO-2024158,2024-06-07,CUST-1078,Cloud Infrastructure,EMEA,Sarah Connor,13,4800.0,0.05,59280.0,21185.43,38094.57
SO-2024159,2024-06-08,CUST-1079,Database Enterprise,North America,Gordon Freeman,10,8500.0,0.05,80750.0,27093.04,53656.96
SO-2024160,2024-06-09,CUST-1000,Database Enterprise,EMEA,Ellen Ripley,12,8500.0,0.0,102000.0,30440.89,71559.11
SO-2024161,2024-06-10,CUST-1001,Cloud Infrastructure,LATAM,Alex Vance,14,4800.0,0.0,67200.0,26956.7,40243.3
SO-2024162,2024-06-11,CUST-1002,Developer Tools,EMEA,Gordon Freeman,2,750.0,0.05,1425.0,430.38,994.62
SO-2024163,2024-06-12,CUST-1003,Cloud Infrastructure,EMEA,Gordon Freeman,7,4800.0,0.0,33600.0,10865.24,22734.76
SO-2024164,2024-06-13,CUST-1004,Database Enterprise,LATAM,Ellen Ripley,3,8500.0,0.0,25500.0,8175.46,17324.54
SO-2024165,2024-06-14,CUST-1005,AI Copilot Seats,EMEA,Gordon Freeman,10,1200.0,0.0,12000.0,4823.98,7176.02
SO-2024166,2024-06-15,CUST-1006,Security Suite,LATAM,Sarah Connor,2,3200.0,0.15,5440.0,2035.53,3404.47
SO-2024167,2024-06-16,CUST-1007,Database Enterprise,EMEA,Sarah Connor,14,8500.0,0.05,113050.0,44263.08,68786.92
SO-2024168,2024-06-17,CUST-1008,Cloud Infrastructure,LATAM,Sarah Connor,11,4800.0,0.0,52800.0,16635.46,36164.54
SO-2024169,2024-06-18,CUST-1009,Security Suite,EMEA,Gordon Freeman,7,3200.0,0.0,22400.0,8231.61,14168.39
SO-2024170,2024-06-19,CUST-1010,Cloud Infrastructure,LATAM,Sarah Connor,13,4800.0,0.0,62400.0,22466.77,39933.23
SO-2024171,2024-06-20,CUST-1011,Cloud Infrastructure,North America,Ellen Ripley,13,4800.0,0.1,56160.0,22272.85,33887.15
SO-2024172,2024-06-21,CUST-1012,AI Copilot Seats,LATAM,Gordon Freeman,2,1200.0,0.05,2280.0,927.62,1352.38
SO-2024173,2024-06-22,CUST-1013,Security Suite,EMEA,Marcus Fenix,3,3200.0,0.0,9600.0,2704.34,6895.66
SO-2024174,2024-06-23,CUST-1014,Security Suite,EMEA,Gordon Freeman,11,3200.0,0.0,35200.0,13177.57,22022.43
SO-2024175,2024-06-24,CUST-1015,AI Copilot Seats,APAC,Ellen Ripley,7,1200.0,0.0,8400.0,2412.96,5987.04
SO-2024176,2024-06-25,CUST-1016,Database Enterprise,LATAM,Marcus Fenix,14,8500.0,0.05,113050.0,40340.79,72709.21
SO-2024177,2024-06-26,CUST-1017,Cloud Infrastructure,North America,Gordon Freeman,4,4800.0,0.1,17280.0,5534.24,11745.76
SO-2024178,2024-06-27,CUST-1018,Developer Tools,LATAM,Sarah Connor,13,750.0,0.0,9750.0,3148.75,6601.25
SO-2024179,2024-06-28,CUST-1019,Cloud Infrastructure,LATAM,Alex Vance,14,4800.0,0.0,67200.0,22136.63,45063.37
SO-2024180,2024-06-29,CUST-1020,Cloud Infrastructure,North America,Alex Vance,1,4800.0,0.0,4800.0,1761.51,3038.49
SO-2024181,2024-06-30,CUST-1021,Database Enterprise,LATAM,Sarah Connor,13,8500.0,0.15,93925.0,30691.59,63233.41
SO-2024182,2024-07-01,CUST-1022,Cloud Infrastructure,North America,Alex Vance,14,4800.0,0.0,67200.0,25709.23,41490.77
SO-2024183,2024-07-02,CUST-1023,AI Copilot Seats,North America,Alex Vance,5,1200.0,0.1,5400.0,1817.82,3582.18
SO-2024184,2024-07-03,CUST-1024,AI Copilot Seats,LATAM,Sarah Connor,12,1200.0,0.05,13680.0,3961.31,9718.69
SO-2024185,2024-07-04,CUST-1025,Security Suite,LATAM,Sarah Connor,9,3200.0,0.0,28800.0,11224.12,17575.88
SO-2024186,2024-07-05,CUST-1026,Developer Tools,EMEA,Gordon Freeman,8,750.0,0.0,6000.0,1920.04,4079.96
SO-2024187,2024-07-06,CUST-1027,Cloud Infrastructure,EMEA,Gordon Freeman,12,4800.0,0.0,57600.0,19617.83,37982.17
SO-2024188,2024-07-07,CUST-1028,Cloud Infrastructure,APAC,Sarah Connor,9,4800.0,0.05,41040.0,15429.49,25610.51
SO-2024189,2024-07-08,CUST-1029,Database Enterprise,APAC,Ellen Ripley,10,8500.0,0.1,76500.0,24980.61,51519.39
SO-2024190,2024-07-09,CUST-1030,AI Copilot Seats,LATAM,Alex Vance,14,1200.0,0.05,15960.0,4595.23,11364.77
SO-2024191,2024-07-10,CUST-1031,Developer Tools,North America,Gordon Freeman,9,750.0,0.05,6412.5,2131.19,4281.31
SO-2024192,2024-07-11,CUST-1032,Security Suite,APAC,Alex Vance,7,3200.0,0.0,22400.0,9233.79,13166.21
SO-2024193,2024-07-12,CUST-1033,AI Copilot Seats,LATAM,Marcus Fenix,4,1200.0,0.15,4080.0,1508.96,2571.04
SO-2024194,2024-07-13,CUST-1034,Security Suite,APAC,Sarah Connor,5,3200.0,0.1,14400.0,5385.7,9014.3
SO-2024195,2024-07-14,CUST-1035,Database Enterprise,North America,Ellen Ripley,1,8500.0,0.0,8500.0,3132.42,5367.58
SO-2024196,2024-07-15,CUST-1036,Database Enterprise,LATAM,Marcus Fenix,14,8500.0,0.15,101150.0,31139.93,70010.07
SO-2024197,2024-07-16,CUST-1037,Cloud Infrastructure,North America,Marcus Fenix,1,4800.0,0.05,4560.0,1543.86,3016.14
SO-2024198,2024-07-17,CUST-1038,Developer Tools,LATAM,Marcus Fenix,3,750.0,0.05,2137.5,823.22,1314.28
SO-2024199,2024-07-18,CUST-1039,Security Suite,APAC,Sarah Connor,13,3200.0,0.05,39520.0,11626.48,27893.52
SO-2024200,2024-07-19,CUST-1040,AI Copilot Seats,EMEA,Gordon Freeman,14,1200.0,0.1,15120.0,4821.76,10298.24
SO-2024201,2024-07-20,CUST-1041,Database Enterprise,APAC,Sarah Connor,8,8500.0,0.05,64600.0,20587.03,44012.97
SO-2024202,2024-07-21,CUST-1042,Cloud Infrastructure,APAC,Gordon Freeman,14,4800.0,0.0,67200.0,22880.43,44319.57
SO-2024203,2024-07-22,CUST-1043,Cloud Infrastructure,EMEA,Marcus Fenix,2,4800.0,0.0,9600.0,4005.62,5594.38
SO-2024204,2024-07-23,CUST-1044,Security Suite,EMEA,Marcus Fenix,4,3200.0,0.15,10880.0,3149.22,7730.78
SO-2024205,2024-07-24,CUST-1045,Database Enterprise,LATAM,Ellen Ripley,2,8500.0,0.0,17000.0,5994.51,11005.49
SO-2024206,2024-07-25,CUST-1046,Developer Tools,LATAM,Gordon Freeman,14,750.0,0.0,10500.0,3203.67,7296.33
SO-2024207,2024-07-26,CUST-1047,Database Enterprise,North America,Marcus Fenix,5,8500.0,0.0,42500.0,17675.53,24824.47
SO-2024208,2024-07-27,CUST-1048,Security Suite,North America,Alex Vance,9,3200.0,0.0,28800.0,8520.84,20279.16
SO-2024209,2024-07-28,CUST-1049,Security Suite,APAC,Ellen Ripley,1,3200.0,0.05,3040.0,1022.97,2017.03
SO-2024210,2024-07-29,CUST-1050,Database Enterprise,EMEA,Sarah Connor,5,8500.0,0.15,36125.0,13846.85,22278.15
SO-2024211,2024-07-30,CUST-1051,Security Suite,North America,Ellen Ripley,14,3200.0,0.0,44800.0,16962.97,27837.03
SO-2024212,2024-07-31,CUST-1052,Database Enterprise,APAC,Alex Vance,9,8500.0,0.0,76500.0,25947.42,50552.58
SO-2024213,2024-08-01,CUST-1053,AI Copilot Seats,EMEA,Gordon Freeman,1,1200.0,0.0,1200.0,394.22,805.78
SO-2024214,2024-08-02,CUST-1054,Database Enterprise,LATAM,Sarah Connor,9,8500.0,0.1,68850.0,23110.59,45739.41
SO-2024215,2024-08-03,CUST-1055,Database Enterprise,APAC,Sarah Connor,8,8500.0,0.05,64600.0,20478.11,44121.89
SO-2024216,2024-08-04,CUST-1056,Security Suite,LATAM,Gordon Freeman,4,3200.0,0.0,12800.0,3951.96,8848.04
SO-2024217,2024-08-05,CUST-1057,Security Suite,North America,Ellen Ripley,12,3200.0,0.1,34560.0,12013.94,22546.06
SO-2024218,2024-08-06,CUST-1058,Cloud Infrastructure,North America,Marcus Fenix,11,4800.0,0.1,47520.0,15092.1,32427.9
SO-2024219,2024-08-07,CUST-1059,Cloud Infrastructure,EMEA,Ellen Ripley,10,4800.0,0.1,43200.0,13834.57,29365.43
SO-2024220,2024-08-08,CUST-1060,AI Copilot Seats,APAC,Alex Vance,5,1200.0,0.15,5100.0,1896.92,3203.08
SO-2024221,2024-08-09,CUST-1061,Cloud Infrastructure,LATAM,Marcus Fenix,13,4800.0,0.0,62400.0,25933.14,36466.86
SO-2024222,2024-08-10,CUST-1062,Database Enterprise,EMEA,Ellen Ripley,5,8500.0,0.1,38250.0,13942.48,24307.52
SO-2024223,2024-08-11,CUST-1063,Security Suite,North America,Gordon Freeman,11,3200.0,0.0,35200.0,10235.35,24964.65
SO-2024224,2024-08-12,CUST-1064,Cloud Infrastructure,North America,Alex Vance,12,4800.0,0.1,51840.0,15063.76,36776.24
SO-2024225,2024-08-13,CUST-1065,Cloud Infrastructure,APAC,Alex Vance,6,4800.0,0.05,27360.0,11305.13,16054.87
SO-2024226,2024-08-14,CUST-1066,AI Copilot Seats,LATAM,Alex Vance,7,1200.0,0.1,7560.0,2431.45,5128.55
SO-2024227,2024-08-15,CUST-1067,AI Copilot Seats,APAC,Marcus Fenix,8,1200.0,0.05,9120.0,2671.15,6448.85
SO-2024228,2024-08-16,CUST-1068,Database Enterprise,LATAM,Sarah Connor,14,8500.0,0.0,119000.0,43300.08,75699.92
SO-2024229,2024-08-17,CUST-1069,Security Suite,LATAM,Marcus Fenix,8,3200.0,0.05,24320.0,8933.0,15387.0
SO-2024230,2024-08-18,CUST-1070,AI Copilot Seats,APAC,Ellen Ripley,11,1200.0,0.15,11220.0,4160.27,7059.73
SO-2024231,2024-08-19,CUST-1071,Cloud Infrastructure,EMEA,Sarah Connor,14,4800.0,0.15,57120.0,18131.96,38988.04
SO-2024232,2024-08-20,CUST-1072,Security Suite,APAC,Ellen Ripley,13,3200.0,0.0,41600.0,11736.0,29864.0
SO-2024233,2024-08-21,CUST-1073,Security Suite,APAC,Sarah Connor,2,3200.0,0.0,6400.0,2656.65,3743.35
SO-2024234,2024-08-22,CUST-1074,Cloud Infrastructure,North America,Marcus Fenix,9,4800.0,0.0,43200.0,13613.4,29586.6
SO-2024235,2024-08-23,CUST-1075,AI Copilot Seats,North America,Alex Vance,7,1200.0,0.05,7980.0,2989.66,4990.34
SO-2024236,2024-08-24,CUST-1076,Cloud Infrastructure,APAC,Gordon Freeman,4,4800.0,0.1,17280.0,6547.88,10732.12
SO-2024237,2024-08-25,CUST-1077,Security Suite,APAC,Alex Vance,4,3200.0,0.0,12800.0,4677.13,8122.87
SO-2024238,2024-08-26,CUST-1078,Developer Tools,North America,Marcus Fenix,11,750.0,0.05,7837.5,2537.84,5299.66
SO-2024239,2024-08-27,CUST-1079,Developer Tools,LATAM,Sarah Connor,8,750.0,0.1,5400.0,1716.95,3683.05
SO-2024240,2024-08-28,CUST-1000,Database Enterprise,APAC,Alex Vance,4,8500.0,0.05,32300.0,11746.66,20553.34
SO-2024241,2024-08-29,CUST-1001,Cloud Infrastructure,EMEA,Marcus Fenix,13,4800.0,0.05,59280.0,23786.3,35493.7
SO-2024242,2024-08-30,CUST-1002,Cloud Infrastructure,EMEA,Ellen Ripley,6,4800.0,0.05,27360.0,11287.17,16072.83
SO-2024243,2024-08-31,CUST-1003,Database Enterprise,EMEA,Gordon Freeman,5,8500.0,0.05,40375.0,11903.63,28471.37
SO-2024244,2024-09-01,CUST-1004,Database Enterprise,APAC,Alex Vance,3,8500.0,0.0,25500.0,7692.74,17807.26
SO-2024245,2024-09-02,CUST-1005,Database Enterprise,LATAM,Sarah Connor,13,8500.0,0.05,104975.0,43277.32,61697.68
SO-2024246,2024-09-03,CUST-1006,Security Suite,LATAM,Ellen Ripley,14,3200.0,0.05,42560.0,16305.37,26254.63
SO-2024247,2024-09-04,CUST-1007,Cloud Infrastructure,North America,Marcus Fenix,10,4800.0,0.1,43200.0,17436.35,25763.65
SO-2024248,2024-09-05,CUST-1008,Security Suite,APAC,Gordon Freeman,11,3200.0,0.05,33440.0,10311.84,23128.16
SO-2024249,2024-09-06,CUST-1009,Database Enterprise,LATAM,Sarah Connor,2,8500.0,0.1,15300.0,5542.61,9757.39
SO-2024250,2024-09-07,CUST-1010,Cloud Infrastructure,APAC,Marcus Fenix,9,4800.0,0.0,43200.0,16336.49,26863.51
SO-2024251,2024-09-08,CUST-1011,Security Suite,North America,Marcus Fenix,10,3200.0,0.0,32000.0,12006.9,19993.1
SO-2024252,2024-09-09,CUST-1012,Security Suite,North America,Alex Vance,9,3200.0,0.0,28800.0,9709.67,19090.33
SO-2024253,2024-09-10,CUST-1013,Database Enterprise,North America,Alex Vance,1,8500.0,0.0,8500.0,2398.32,6101.68
SO-2024254,2024-09-11,CUST-1014,Cloud Infrastructure,EMEA,Sarah Connor,10,4800.0,0.05,45600.0,16489.4,29110.6
SO-2024255,2024-09-12,CUST-1015,Database Enterprise,APAC,Marcus Fenix,3,8500.0,0.15,21675.0,6837.04,14837.96
SO-2024256,2024-09-13,CUST-1016,Cloud Infrastructure,North America,Alex Vance,8,4800.0,0.0,38400.0,13172.57,25227.43
SO-2024257,2024-09-14,CUST-1017,Developer Tools,APAC,Gordon Freeman,6,750.0,0.0,4500.0,1863.28,2636.72
SO-2024258,2024-09-15,CUST-1018,AI Copilot Seats,EMEA,Gordon Freeman,5,1200.0,0.1,5400.0,1813.67,3586.33
SO-2024259,2024-09-16,CUST-1019,AI Copilot Seats,EMEA,Marcus Fenix,5,1200.0,0.0,6000.0,2385.43,3614.57
SO-2024260,2024-09-17,CUST-1020,AI Copilot Seats,North America,Alex Vance,6,1200.0,0.05,6840.0,2095.75,4744.25
SO-2024261,2024-09-18,CUST-1021,Database Enterprise,North America,Sarah Connor,7,8500.0,0.05,56525.0,21148.52,35376.48
SO-2024262,2024-09-19,CUST-1022,Developer Tools,LATAM,Sarah Connor,1,750.0,0.05,712.5,296.96,415.54
SO-2024263,2024-09-20,CUST-1023,Cloud Infrastructure,APAC,Sarah Connor,9,4800.0,0.0,43200.0,12712.25,30487.75
SO-2024264,2024-09-21,CUST-1024,Security Suite,North America,Gordon Freeman,3,3200.0,0.0,9600.0,2699.18,6900.82
SO-2024265,2024-09-22,CUST-1025,Cloud Infrastructure,LATAM,Alex Vance,4,4800.0,0.1,17280.0,5887.32,11392.68
SO-2024266,2024-09-23,CUST-1026,Security Suite,APAC,Alex Vance,10,3200.0,0.05,30400.0,8906.21,21493.79
SO-2024267,2024-09-24,CUST-1027,Cloud Infrastructure,North America,Gordon Freeman,1,4800.0,0.0,4800.0,1846.91,2953.09
SO-2024268,2024-09-25,CUST-1028,Developer Tools,LATAM,Sarah Connor,13,750.0,0.1,8775.0,3580.52,5194.48
SO-2024269,2024-09-26,CUST-1029,Security Suite,LATAM,Sarah Connor,11,3200.0,0.0,35200.0,11994.86,23205.14
SO-2024270,2024-09-27,CUST-1030,Database Enterprise,APAC,Marcus Fenix,10,8500.0,0.05,80750.0,25534.74,55215.26
SO-2024271,2024-09-28,CUST-1031,Cloud Infrastructure,LATAM,Ellen Ripley,3,4800.0,0.0,14400.0,4907.76,9492.24
SO-2024272,2024-09-29,CUST-1032,Cloud Infrastructure,APAC,Alex Vance,2,4800.0,0.15,8160.0,3111.27,5048.73
SO-2024273,2024-09-30,CUST-1033,Security Suite,APAC,Alex Vance,2,3200.0,0.0,6400.0,1800.11,4599.89
SO-2024274,2024-10-01,CUST-1034,Database Enterprise,APAC,Alex Vance,14,8500.0,0.0,119000.0,43140.3,75859.7
SO-2024275,2024-10-02,CUST-1035,Database Enterprise,EMEA,Ellen Ripley,1,8500.0,0.0,8500.0,3109.82,5390.18
SO-2024276,2024-10-03,CUST-1036,Developer Tools,LATAM,Marcus Fenix,8,750.0,0.0,6000.0,2215.66,3784.34
SO-2024277,2024-10-04,CUST-1037,Database Enterprise,APAC,Ellen Ripley,3,8500.0,0.1,22950.0,7203.62,15746.38
SO-2024278,2024-10-05,CUST-1038,Database Enterprise,North America,Sarah Connor,3,8500.0,0.15,21675.0,8235.79,13439.21
SO-2024279,2024-10-06,CUST-1039,Database Enterprise,EMEA,Sarah Connor,6,8500.0,0.0,51000.0,14932.54,36067.46
SO-2024280,2024-10-07,CUST-1040,AI Copilot Seats,EMEA,Alex Vance,13,1200.0,0.0,15600.0,4803.21,10796.79
SO-2024281,2024-10-08,CUST-1041,Developer Tools,LATAM,Gordon Freeman,8,750.0,0.05,5700.0,2296.22,3403.78
SO-2024282,2024-10-09,CUST-1042,Cloud Infrastructure,APAC,Alex Vance,13,4800.0,0.1,56160.0,21532.94,34627.06
SO-2024283,2024-10-10,CUST-1043,Security Suite,LATAM,Gordon Freeman,9,3200.0,0.05,27360.0,7713.45,19646.55
SO-2024284,2024-10-11,CUST-1044,Cloud Infrastructure,EMEA,Ellen Ripley,9,4800.0,0.0,43200.0,13598.18,29601.82
SO-2024285,2024-10-12,CUST-1045,Developer Tools,APAC,Sarah Connor,4,750.0,0.0,3000.0,930.05,2069.95
SO-2024286,2024-10-13,CUST-1046,Security Suite,North America,Gordon Freeman,14,3200.0,0.05,42560.0,13530.37,29029.63
SO-2024287,2024-10-14,CUST-1047,Developer Tools,APAC,Ellen Ripley,5,750.0,0.0,3750.0,1179.97,2570.03
SO-2024288,2024-10-15,CUST-1048,Database Enterprise,EMEA,Sarah Connor,2,8500.0,0.05,16150.0,4663.37,11486.63
SO-2024289,2024-10-16,CUST-1049,Security Suite,North America,Gordon Freeman,11,3200.0,0.0,35200.0,12117.66,23082.34
SO-2024290,2024-10-17,CUST-1050,Database Enterprise,APAC,Alex Vance,9,8500.0,0.1,68850.0,26340.82,42509.18
SO-2024291,2024-10-18,CUST-1051,Cloud Infrastructure,North America,Alex Vance,8,4800.0,0.0,38400.0,14013.79,24386.21
SO-2024292,2024-10-19,CUST-1052,Cloud Infrastructure,North America,Alex Vance,3,4800.0,0.05,13680.0,5119.08,8560.92
SO-2024293,2024-10-20,CUST-1053,Security Suite,EMEA,Ellen Ripley,11,3200.0,0.0,35200.0,10255.9,24944.1
SO-2024294,2024-10-21,CUST-1054,Security Suite,North America,Alex Vance,12,3200.0,0.05,36480.0,15073.85,21406.15
SO-2024295,2024-10-22,CUST-1055,Developer Tools,LATAM,Marcus Fenix,13,750.0,0.0,9750.0,3874.54,5875.46
SO-2024296,2024-10-23,CUST-1056,Developer Tools,EMEA,Sarah Connor,9,750.0,0.05,6412.5,2518.27,3894.23
SO-2024297,2024-10-24,CUST-1057,Database Enterprise,LATAM,Ellen Ripley,3,8500.0,0.05,24225.0,9574.15,14650.85
SO-2024298,2024-10-25,CUST-1058,Security Suite,North America,Alex Vance,9,3200.0,0.05,27360.0,11233.45,16126.55
SO-2024299,2024-10-26,CUST-1059,Cloud Infrastructure,LATAM,Sarah Connor,2,4800.0,0.05,9120.0,3248.5,5871.5
SO-2024300,2024-10-27,CUST-1060,Developer Tools,APAC,Gordon Freeman,12,750.0,0.05,8550.0,2633.74,5916.26
SO-2024301,2024-10-28,CUST-1061,Developer Tools,North America,Alex Vance,10,750.0,0.1,6750.0,2472.86,4277.14
SO-2024302,2024-10-29,CUST-1062,Cloud Infrastructure,APAC,Sarah Connor,9,4800.0,0.0,43200.0,16588.95,26611.05
SO-2024303,2024-10-30,CUST-1063,Developer Tools,LATAM,Marcus Fenix,8,750.0,0.1,5400.0,2069.87,3330.13
SO-2024304,2024-10-31,CUST-1064,Database Enterprise,APAC,Gordon Freeman,9,8500.0,0.0,76500.0,27004.72,49495.28
SO-2024305,2024-11-01,CUST-1065,Security Suite,North America,Marcus Fenix,5,3200.0,0.0,16000.0,4633.35,11366.65
SO-2024306,2024-11-02,CUST-1066,Cloud Infrastructure,APAC,Sarah Connor,11,4800.0,0.0,52800.0,17527.27,35272.73
SO-2024307,2024-11-03,CUST-1067,Security Suite,LATAM,Marcus Fenix,11,3200.0,0.0,35200.0,14393.54,20806.46
SO-2024308,2024-11-04,CUST-1068,Developer Tools,LATAM,Sarah Connor,2,750.0,0.1,1350.0,488.46,861.54
SO-2024309,2024-11-05,CUST-1069,Developer Tools,LATAM,Sarah Connor,8,750.0,0.05,5700.0,2025.59,3674.41
SO-2024310,2024-11-06,CUST-1070,Cloud Infrastructure,North America,Marcus Fenix,12,4800.0,0.1,51840.0,16466.43,35373.57
SO-2024311,2024-11-07,CUST-1071,Database Enterprise,LATAM,Sarah Connor,6,8500.0,0.05,48450.0,16065.19,32384.81
SO-2024312,2024-11-08,CUST-1072,AI Copilot Seats,North America,Alex Vance,8,1200.0,0.0,9600.0,3891.35,5708.65
SO-2024313,2024-11-09,CUST-1073,Cloud Infrastructure,APAC,Sarah Connor,11,4800.0,0.0,52800.0,19710.49,33089.51
SO-2024314,2024-11-10,CUST-1074,AI Copilot Seats,LATAM,Ellen Ripley,5,1200.0,0.0,6000.0,2341.41,3658.59
SO-2024315,2024-11-11,CUST-1075,AI Copilot Seats,APAC,Sarah Connor,10,1200.0,0.0,12000.0,4123.3,7876.7
SO-2024316,2024-11-12,CUST-1076,Database Enterprise,EMEA,Ellen Ripley,2,8500.0,0.0,17000.0,6259.99,10740.01
SO-2024317,2024-11-13,CUST-1077,AI Copilot Seats,APAC,Sarah Connor,6,1200.0,0.0,7200.0,2266.37,4933.63
SO-2024318,2024-11-14,CUST-1078,AI Copilot Seats,EMEA,Sarah Connor,5,1200.0,0.05,5700.0,2158.96,3541.04
SO-2024319,2024-11-15,CUST-1079,Database Enterprise,APAC,Marcus Fenix,12,8500.0,0.05,96900.0,32932.84,63967.16
SO-2024320,2024-11-16,CUST-1000,AI Copilot Seats,North America,Alex Vance,13,1200.0,0.15,13260.0,4534.34,8725.66
SO-2024321,2024-11-17,CUST-1001,AI Copilot Seats,APAC,Alex Vance,12,1200.0,0.15,12240.0,4539.88,7700.12
SO-2024322,2024-11-18,CUST-1002,AI Copilot Seats,North America,Gordon Freeman,5,1200.0,0.05,5700.0,2343.15,3356.85
SO-2024323,2024-11-19,CUST-1003,Cloud Infrastructure,North America,Marcus Fenix,13,4800.0,0.0,62400.0,18031.16,44368.84
SO-2024324,2024-11-20,CUST-1004,Cloud Infrastructure,LATAM,Marcus Fenix,1,4800.0,0.05,4560.0,1803.32,2756.68
SO-2024325,2024-11-21,CUST-1005,Cloud Infrastructure,North America,Alex Vance,2,4800.0,0.1,8640.0,2772.87,5867.13
SO-2024326,2024-11-22,CUST-1006,Database Enterprise,EMEA,Marcus Fenix,8,8500.0,0.0,68000.0,23266.11,44733.89
SO-2024327,2024-11-23,CUST-1007,Developer Tools,LATAM,Alex Vance,13,750.0,0.0,9750.0,2759.91,6990.09
SO-2024328,2024-11-24,CUST-1008,AI Copilot Seats,LATAM,Marcus Fenix,14,1200.0,0.1,15120.0,4870.85,10249.15
SO-2024329,2024-11-25,CUST-1009,AI Copilot Seats,APAC,Sarah Connor,13,1200.0,0.0,15600.0,5465.75,10134.25
SO-2024330,2024-11-26,CUST-1010,Database Enterprise,North America,Alex Vance,3,8500.0,0.05,24225.0,6973.52,17251.48
SO-2024331,2024-11-27,CUST-1011,AI Copilot Seats,North America,Alex Vance,10,1200.0,0.05,11400.0,3975.79,7424.21
SO-2024332,2024-11-28,CUST-1012,Cloud Infrastructure,EMEA,Ellen Ripley,3,4800.0,0.0,14400.0,5901.06,8498.94
SO-2024333,2024-11-29,CUST-1013,Developer Tools,APAC,Marcus Fenix,8,750.0,0.0,6000.0,1768.53,4231.47
SO-2024334,2024-11-30,CUST-1014,Security Suite,APAC,Marcus Fenix,8,3200.0,0.0,25600.0,9907.76,15692.24
SO-2024335,2024-12-01,CUST-1015,AI Copilot Seats,LATAM,Alex Vance,2,1200.0,0.0,2400.0,809.65,1590.35
SO-2024336,2024-12-02,CUST-1016,Cloud Infrastructure,LATAM,Sarah Connor,8,4800.0,0.0,38400.0,14274.21,24125.79
SO-2024337,2024-12-03,CUST-1017,Security Suite,LATAM,Sarah Connor,11,3200.0,0.1,31680.0,10024.6,21655.4
SO-2024338,2024-12-04,CUST-1018,Developer Tools,EMEA,Sarah Connor,13,750.0,0.0,9750.0,2947.71,6802.29
SO-2024339,2024-12-05,CUST-1019,Security Suite,EMEA,Marcus Fenix,13,3200.0,0.05,39520.0,11953.41,27566.59
SO-2024340,2024-12-06,CUST-1020,Cloud Infrastructure,LATAM,Ellen Ripley,1,4800.0,0.0,4800.0,1391.37,3408.63
SO-2024341,2024-12-07,CUST-1021,Security Suite,APAC,Alex Vance,6,3200.0,0.15,16320.0,4993.77,11326.23
SO-2024342,2024-12-08,CUST-1022,Database Enterprise,EMEA,Gordon Freeman,8,8500.0,0.0,68000.0,25363.37,42636.63
SO-2024343,2024-12-09,CUST-1023,Security Suite,APAC,Ellen Ripley,3,3200.0,0.0,9600.0,3872.99,5727.01
SO-2024344,2024-12-10,CUST-1024,AI Copilot Seats,APAC,Gordon Freeman,8,1200.0,0.1,8640.0,3403.97,5236.03
SO-2024345,2024-12-11,CUST-1025,AI Copilot Seats,North America,Ellen Ripley,12,1200.0,0.1,12960.0,4871.91,8088.09
SO-2024346,2024-12-12,CUST-1026,Database Enterprise,LATAM,Sarah Connor,1,8500.0,0.0,8500.0,2511.41,5988.59
SO-2024347,2024-12-13,CUST-1027,Cloud Infrastructure,North America,Marcus Fenix,11,4800.0,0.1,47520.0,15229.51,32290.49
SO-2024348,2024-12-14,CUST-1028,AI Copilot Seats,LATAM,Gordon Freeman,11,1200.0,0.0,13200.0,4268.52,8931.48
SO-2024349,2024-12-15,CUST-1029,Developer Tools,LATAM,Ellen Ripley,9,750.0,0.0,6750.0,2126.21,4623.79
SO-2024350,2024-12-16,CUST-1030,AI Copilot Seats,APAC,Marcus Fenix,13,1200.0,0.0,15600.0,5492.77,10107.23
SO-2024351,2024-12-17,CUST-1031,AI Copilot Seats,LATAM,Gordon Freeman,11,1200.0,0.0,13200.0,4685.7,8514.3
SO-2024352,2024-12-18,CUST-1032,Cloud Infrastructure,APAC,Alex Vance,13,4800.0,0.05,59280.0,19560.27,39719.73
SO-2024353,2024-12-19,CUST-1033,Security Suite,APAC,Ellen Ripley,9,3200.0,0.0,28800.0,9490.48,19309.52
SO-2024354,2024-12-20,CUST-1034,AI Copilot Seats,LATAM,Alex Vance,5,1200.0,0.0,6000.0,2375.99,3624.01
SO-2024355,2024-12-21,CUST-1035,Database Enterprise,APAC,Sarah Connor,10,8500.0,0.05,80750.0,31532.96,49217.04
SO-2024356,2024-12-22,CUST-1036,Security Suite,APAC,Alex Vance,4,3200.0,0.1,11520.0,3722.01,7797.99
SO-2024357,2024-12-23,CUST-1037,Developer Tools,APAC,Alex Vance,11,750.0,0.0,8250.0,3365.43,4884.57
SO-2024358,2024-12-24,CUST-1038,Cloud Infrastructure,EMEA,Ellen Ripley,6,4800.0,0.05,27360.0,11310.46,16049.54
SO-2024359,2024-12-25,CUST-1039,Developer Tools,APAC,Sarah Connor,12,750.0,0.0,9000.0,2931.7,6068.3
SO-2024360,2024-12-26,CUST-1040,Security Suite,EMEA,Alex Vance,7,3200.0,0.1,20160.0,6645.13,13514.87
SO-2024361,2024-12-27,CUST-1041,Security Suite,EMEA,Marcus Fenix,5,3200.0,0.05,15200.0,5331.99,9868.01
SO-2024362,2024-12-28,CUST-1042,Security Suite,APAC,Gordon Freeman,11,3200.0,0.15,29920.0,12319.77,17600.23
SO-2024363,2024-12-29,CUST-1043,Developer Tools,APAC,Alex Vance,13,750.0,0.0,9750.0,3926.18,5823.82
SO-2024364,2024-12-30,CUST-1044,Security Suite,EMEA,Sarah Connor,10,3200.0,0.0,32000.0,9419.5,22580.5
SO-2024365,2024-12-31,CUST-1045,Developer Tools,EMEA,Alex Vance,9,750.0,0.0,6750.0,2261.13,4488.87
SO-2024366,2025-01-01,CUST-1046,Security Suite,APAC,Gordon Freeman,3,3200.0,0.0,9600.0,3431.73,6168.27
SO-2024367,2025-01-02,CUST-1047,Database Enterprise,APAC,Sarah Connor,7,8500.0,0.0,59500.0,20851.09,38648.91
SO-2024368,2025-01-03,CUST-1048,Security Suite,LATAM,Ellen Ripley,10,3200.0,0.15,27200.0,8354.23,18845.77
SO-2024369,2025-01-04,CUST-1049,Developer Tools,EMEA,Sarah Connor,10,750.0,0.0,7500.0,3001.76,4498.24
SO-2024370,2025-01-05,CUST-1050,AI Copilot Seats,EMEA,Ellen Ripley,11,1200.0,0.0,13200.0,4946.99,8253.01
SO-2024371,2025-01-06,CUST-1051,Security Suite,LATAM,Sarah Connor,5,3200.0,0.1,14400.0,5721.22,8678.78
SO-2024372,2025-01-07,CUST-1052,AI Copilot Seats,EMEA,Gordon Freeman,14,1200.0,0.0,16800.0,6723.81,10076.19
SO-2024373,2025-01-08,CUST-1053,Database Enterprise,North America,Gordon Freeman,7,8500.0,0.1,53550.0,20604.42,32945.58
SO-2024374,2025-01-09,CUST-1054,Cloud Infrastructure,EMEA,Sarah Connor,2,4800.0,0.0,9600.0,3278.3,6321.7
SO-2024375,2025-01-10,CUST-1055,Database Enterprise,LATAM,Alex Vance,4,8500.0,0.0,34000.0,12426.2,21573.8
SO-2024376,2025-01-11,CUST-1056,Security Suite,North America,Gordon Freeman,2,3200.0,0.0,6400.0,1935.69,4464.31
SO-2024377,2025-01-12,CUST-1057,AI Copilot Seats,APAC,Ellen Ripley,14,1200.0,0.0,16800.0,6288.41,10511.59
SO-2024378,2025-01-13,CUST-1058,AI Copilot Seats,LATAM,Ellen Ripley,13,1200.0,0.15,13260.0,4045.57,9214.43
SO-2024379,2025-01-14,CUST-1059,Developer Tools,LATAM,Marcus Fenix,13,750.0,0.0,9750.0,3677.24,6072.76
SO-2024380,2025-01-15,CUST-1060,AI Copilot Seats,APAC,Ellen Ripley,12,1200.0,0.05,13680.0,4270.13,9409.87
SO-2024381,2025-01-16,CUST-1061,Developer Tools,LATAM,Marcus Fenix,7,750.0,0.0,5250.0,1556.4,3693.6
SO-2024382,2025-01-17,CUST-1062,Cloud Infrastructure,EMEA,Sarah Connor,2,4800.0,0.0,9600.0,2910.14,6689.86
SO-2024383,2025-01-18,CUST-1063,Security Suite,APAC,Sarah Connor,13,3200.0,0.1,37440.0,10493.64,26946.36
SO-2024384,2025-01-19,CUST-1064,Developer Tools,LATAM,Sarah Connor,14,750.0,0.0,10500.0,3996.55,6503.45
SO-2024385,2025-01-20,CUST-1065,Cloud Infrastructure,APAC,Alex Vance,11,4800.0,0.05,50160.0,19188.01,30971.99
SO-2024386,2025-01-21,CUST-1066,AI Copilot Seats,APAC,Alex Vance,1,1200.0,0.15,1020.0,359.13,660.87
SO-2024387,2025-01-22,CUST-1067,AI Copilot Seats,APAC,Marcus Fenix,9,1200.0,0.05,10260.0,3104.58,7155.42
SO-2024388,2025-01-23,CUST-1068,Cloud Infrastructure,North America,Ellen Ripley,1,4800.0,0.15,4080.0,1190.13,2889.87
SO-2024389,2025-01-24,CUST-1069,AI Copilot Seats,LATAM,Ellen Ripley,8,1200.0,0.0,9600.0,2713.71,6886.29
SO-2024390,2025-01-25,CUST-1070,Cloud Infrastructure,North America,Sarah Connor,2,4800.0,0.0,9600.0,2910.77,6689.23
SO-2024391,2025-01-26,CUST-1071,Developer Tools,LATAM,Gordon Freeman,12,750.0,0.0,9000.0,3642.48,5357.52
SO-2024392,2025-01-27,CUST-1072,Developer Tools,EMEA,Alex Vance,8,750.0,0.05,5700.0,1788.75,3911.25
SO-2024393,2025-01-28,CUST-1073,Cloud Infrastructure,EMEA,Alex Vance,13,4800.0,0.15,53040.0,17481.88,35558.12
SO-2024394,2025-01-29,CUST-1074,Developer Tools,EMEA,Sarah Connor,3,750.0,0.0,2250.0,663.18,1586.82
SO-2024395,2025-01-30,CUST-1075,Developer Tools,LATAM,Alex Vance,6,750.0,0.05,4275.0,1330.08,2944.92
SO-2024396,2025-01-31,CUST-1076,Developer Tools,APAC,Sarah Connor,3,750.0,0.0,2250.0,793.56,1456.44
SO-2024397,2025-02-01,CUST-1077,Database Enterprise,APAC,Marcus Fenix,14,8500.0,0.05,113050.0,41272.9,71777.1
SO-2024398,2025-02-02,CUST-1078,Security Suite,North America,Ellen Ripley,7,3200.0,0.0,22400.0,7041.42,15358.58
SO-2024399,2025-02-03,CUST-1079,AI Copilot Seats,North America,Gordon Freeman,10,1200.0,0.15,10200.0,2938.44,7261.56
SO-2024400,2025-02-04,CUST-1000,Database Enterprise,EMEA,Ellen Ripley,9,8500.0,0.05,72675.0,24327.56,48347.44
SO-2024401,2025-02-05,CUST-1001,Developer Tools,North America,Ellen Ripley,2,750.0,0.0,1500.0,469.18,1030.82
SO-2024402,2025-02-06,CUST-1002,Cloud Infrastructure,LATAM,Marcus Fenix,12,4800.0,0.0,57600.0,17898.48,39701.52
SO-2024403,2025-02-07,CUST-1003,Developer Tools,LATAM,Alex Vance,12,750.0,0.0,9000.0,3729.43,5270.57
SO-2024404,2025-02-08,CUST-1004,Security Suite,North America,Gordon Freeman,14,3200.0,0.0,44800.0,16409.44,28390.56
SO-2024405,2025-02-09,CUST-1005,Developer Tools,North America,Alex Vance,5,750.0,0.0,3750.0,1342.36,2407.64
SO-2024406,2025-02-10,CUST-1006,Cloud Infrastructure,North America,Ellen Ripley,13,4800.0,0.1,56160.0,18993.79,37166.21
SO-2024407,2025-02-11,CUST-1007,Security Suite,North America,Sarah Connor,6,3200.0,0.05,18240.0,6202.55,12037.45
SO-2024408,2025-02-12,CUST-1008,Developer Tools,EMEA,Ellen Ripley,4,750.0,0.05,2850.0,1013.82,1836.18
SO-2024409,2025-02-13,CUST-1009,Security Suite,EMEA,Alex Vance,4,3200.0,0.0,12800.0,4832.0,7968.0
SO-2024410,2025-02-14,CUST-1010,AI Copilot Seats,North America,Ellen Ripley,4,1200.0,0.1,4320.0,1634.26,2685.74
SO-2024411,2025-02-15,CUST-1011,AI Copilot Seats,LATAM,Sarah Connor,2,1200.0,0.05,2280.0,693.2,1586.8
SO-2024412,2025-02-16,CUST-1012,Developer Tools,EMEA,Marcus Fenix,4,750.0,0.0,3000.0,1050.05,1949.95
SO-2024413,2025-02-17,CUST-1013,Security Suite,LATAM,Alex Vance,11,3200.0,0.05,33440.0,11291.82,22148.18
SO-2024414,2025-02-18,CUST-1014,Cloud Infrastructure,APAC,Ellen Ripley,1,4800.0,0.05,4560.0,1832.54,2727.46
SO-2024415,2025-02-19,CUST-1015,Developer Tools,LATAM,Alex Vance,12,750.0,0.0,9000.0,3315.59,5684.41
SO-2024416,2025-02-20,CUST-1016,AI Copilot Seats,North America,Marcus Fenix,6,1200.0,0.0,7200.0,2552.76,4647.24
SO-2024417,2025-02-21,CUST-1017,AI Copilot Seats,APAC,Ellen Ripley,1,1200.0,0.0,1200.0,355.39,844.61
SO-2024418,2025-02-22,CUST-1018,Developer Tools,EMEA,Ellen Ripley,10,750.0,0.0,7500.0,2735.92,4764.08
SO-2024419,2025-02-23,CUST-1019,Security Suite,EMEA,Alex Vance,6,3200.0,0.15,16320.0,4837.39,11482.61
SO-2024420,2025-02-24,CUST-1020,AI Copilot Seats,APAC,Alex Vance,1,1200.0,0.1,1080.0,353.39,726.61
SO-2024421,2025-02-25,CUST-1021,Security Suite,LATAM,Sarah Connor,6,3200.0,0.05,18240.0,5471.96,12768.04
SO-2024422,2025-02-26,CUST-1022,AI Copilot Seats,EMEA,Marcus Fenix,10,1200.0,0.0,12000.0,4522.68,7477.32
SO-2024423,2025-02-27,CUST-1023,AI Copilot Seats,North America,Sarah Connor,8,1200.0,0.0,9600.0,2965.2,6634.8
SO-2024424,2025-02-28,CUST-1024,Database Enterprise,APAC,Ellen Ripley,11,8500.0,0.05,88825.0,29743.97,59081.03
SO-2024425,2025-03-01,CUST-1025,AI Copilot Seats,North America,Alex Vance,2,1200.0,0.05,2280.0,924.3,1355.7
SO-2024426,2025-03-02,CUST-1026,Cloud Infrastructure,APAC,Ellen Ripley,2,4800.0,0.0,9600.0,2962.6,6637.4
SO-2024427,2025-03-03,CUST-1027,Developer Tools,EMEA,Ellen Ripley,14,750.0,0.05,9975.0,3502.15,6472.85
SO-2024428,2025-03-04,CUST-1028,Developer Tools,LATAM,Gordon Freeman,13,750.0,0.1,8775.0,2972.08,5802.92
SO-2024429,2025-03-05,CUST-1029,Security Suite,APAC,Gordon Freeman,12,3200.0,0.0,38400.0,10849.43,27550.57
SO-2024430,2025-03-06,CUST-1030,AI Copilot Seats,APAC,Ellen Ripley,4,1200.0,0.0,4800.0,1876.73,2923.27
SO-2024431,2025-03-07,CUST-1031,Cloud Infrastructure,North America,Alex Vance,11,4800.0,0.1,47520.0,13764.95,33755.05
SO-2024432,2025-03-08,CUST-1032,Security Suite,EMEA,Ellen Ripley,3,3200.0,0.0,9600.0,3325.4,6274.6
SO-2024433,2025-03-09,CUST-1033,Database Enterprise,North America,Gordon Freeman,4,8500.0,0.0,34000.0,12188.83,21811.17
SO-2024434,2025-03-10,CUST-1034,Security Suite,EMEA,Alex Vance,13,3200.0,0.0,41600.0,15307.96,26292.04
SO-2024435,2025-03-11,CUST-1035,Security Suite,North America,Ellen Ripley,12,3200.0,0.0,38400.0,14454.08,23945.92
SO-2024436,2025-03-12,CUST-1036,AI Copilot Seats,APAC,Marcus Fenix,7,1200.0,0.1,7560.0,2384.86,5175.14
SO-2024437,2025-03-13,CUST-1037,Database Enterprise,North America,Marcus Fenix,13,8500.0,0.05,104975.0,29539.65,75435.35
SO-2024438,2025-03-14,CUST-1038,Security Suite,LATAM,Ellen Ripley,11,3200.0,0.0,35200.0,13421.13,21778.87
SO-2024439,2025-03-15,CUST-1039,Cloud Infrastructure,EMEA,Alex Vance,1,4800.0,0.1,4320.0,1533.57,2786.43
SO-2024440,2025-03-16,CUST-1040,Cloud Infrastructure,EMEA,Ellen Ripley,6,4800.0,0.1,25920.0,10291.7,15628.3
SO-2024441,2025-03-17,CUST-1041,Developer Tools,APAC,Ellen Ripley,3,750.0,0.1,2025.0,799.86,1225.14
SO-2024442,2025-03-18,CUST-1042,Database Enterprise,EMEA,Gordon Freeman,11,8500.0,0.0,93500.0,37219.14,56280.86
SO-2024443,2025-03-19,CUST-1043,Database Enterprise,LATAM,Marcus Fenix,10,8500.0,0.0,85000.0,29572.63,55427.37
SO-2024444,2025-03-20,CUST-1044,Developer Tools,North America,Gordon Freeman,7,750.0,0.15,4462.5,1457.93,3004.57
SO-2024445,2025-03-21,CUST-1045,Security Suite,APAC,Gordon Freeman,10,3200.0,0.1,28800.0,11255.56,17544.44
SO-2024446,2025-03-22,CUST-1046,Database Enterprise,LATAM,Ellen Ripley,2,8500.0,0.0,17000.0,5834.08,11165.92
SO-2024447,2025-03-23,CUST-1047,Cloud Infrastructure,EMEA,Gordon Freeman,14,4800.0,0.0,67200.0,20541.82,46658.18
SO-2024448,2025-03-24,CUST-1048,Cloud Infrastructure,EMEA,Marcus Fenix,2,4800.0,0.0,9600.0,3837.09,5762.91
SO-2024449,2025-03-25,CUST-1049,AI Copilot Seats,LATAM,Gordon Freeman,13,1200.0,0.15,13260.0,5351.18,7908.82
SO-2024450,2025-03-26,CUST-1050,Database Enterprise,North America,Marcus Fenix,4,8500.0,0.05,32300.0,11152.65,21147.35
SO-2024451,2025-03-27,CUST-1051,Security Suite,North America,Gordon Freeman,1,3200.0,0.0,3200.0,929.91,2270.09
SO-2024452,2025-03-28,CUST-1052,Developer Tools,APAC,Marcus Fenix,3,750.0,0.0,2250.0,752.17,1497.83
SO-2024453,2025-03-29,CUST-1053,Developer Tools,EMEA,Gordon Freeman,13,750.0,0.05,9262.5,3635.49,5627.01
SO-2024454,2025-03-30,CUST-1054,Security Suite,LATAM,Gordon Freeman,9,3200.0,0.1,25920.0,10529.96,15390.04
SO-2024455,2025-03-31,CUST-1055,AI Copilot Seats,North America,Alex Vance,7,1200.0,0.0,8400.0,2591.28,5808.72
SO-2024456,2025-04-01,CUST-1056,Developer Tools,APAC,Marcus Fenix,7,750.0,0.1,4725.0,1367.3,3357.7
SO-2024457,2025-04-02,CUST-1057,Database Enterprise,EMEA,Marcus Fenix,13,8500.0,0.15,93925.0,37835.72,56089.28
SO-2024458,2025-04-03,CUST-1058,AI Copilot Seats,EMEA,Marcus Fenix,13,1200.0,0.0,15600.0,5218.46,10381.54
SO-2024459,2025-04-04,CUST-1059,Database Enterprise,APAC,Sarah Connor,11,8500.0,0.05,88825.0,31608.07,57216.93
SO-2024460,2025-04-05,CUST-1060,Cloud Infrastructure,APAC,Gordon Freeman,4,4800.0,0.0,19200.0,7978.16,11221.84
SO-2024461,2025-04-06,CUST-1061,AI Copilot Seats,North America,Marcus Fenix,2,1200.0,0.1,2160.0,624.93,1535.07
SO-2024462,2025-04-07,CUST-1062,Developer Tools,LATAM,Sarah Connor,14,750.0,0.05,9975.0,3698.38,6276.62
SO-2024463,2025-04-08,CUST-1063,AI Copilot Seats,EMEA,Alex Vance,4,1200.0,0.05,4560.0,1324.11,3235.89
SO-2024464,2025-04-09,CUST-1064,AI Copilot Seats,LATAM,Marcus Fenix,6,1200.0,0.1,6480.0,2155.03,4324.97
SO-2024465,2025-04-10,CUST-1065,AI Copilot Seats,EMEA,Marcus Fenix,11,1200.0,0.0,13200.0,5181.45,8018.55
SO-2024466,2025-04-11,CUST-1066,AI Copilot Seats,EMEA,Sarah Connor,11,1200.0,0.15,11220.0,3822.5,7397.5
SO-2024467,2025-04-12,CUST-1067,Database Enterprise,LATAM,Gordon Freeman,3,8500.0,0.05,24225.0,10164.94,14060.06
SO-2024468,2025-04-13,CUST-1068,Cloud Infrastructure,APAC,Alex Vance,1,4800.0,0.0,4800.0,1719.69,3080.31
SO-2024469,2025-04-14,CUST-1069,Security Suite,North America,Marcus Fenix,14,3200.0,0.05,42560.0,13830.41,28729.59
SO-2024470,2025-04-15,CUST-1070,AI Copilot Seats,EMEA,Gordon Freeman,12,1200.0,0.1,12960.0,4028.17,8931.83
SO-2024471,2025-04-16,CUST-1071,Developer Tools,APAC,Alex Vance,8,750.0,0.0,6000.0,1974.44,4025.56
SO-2024472,2025-04-17,CUST-1072,AI Copilot Seats,EMEA,Ellen Ripley,12,1200.0,0.1,12960.0,4304.72,8655.28
SO-2024473,2025-04-18,CUST-1073,Developer Tools,North America,Ellen Ripley,13,750.0,0.15,8287.5,2400.23,5887.27
SO-2024474,2025-04-19,CUST-1074,Database Enterprise,EMEA,Alex Vance,5,8500.0,0.0,42500.0,14098.97,28401.03
SO-2024475,2025-04-20,CUST-1075,Developer Tools,North America,Sarah Connor,5,750.0,0.15,3187.5,1099.67,2087.83
SO-2024476,2025-04-21,CUST-1076,Security Suite,North America,Alex Vance,11,3200.0,0.0,35200.0,13417.65,21782.35
SO-2024477,2025-04-22,CUST-1077,Cloud Infrastructure,EMEA,Alex Vance,4,4800.0,0.0,19200.0,7141.29,12058.71
SO-2024478,2025-04-23,CUST-1078,Developer Tools,EMEA,Sarah Connor,6,750.0,0.0,4500.0,1706.52,2793.48
SO-2024479,2025-04-24,CUST-1079,Developer Tools,North America,Sarah Connor,3,750.0,0.1,2025.0,569.37,1455.63
SO-2024480,2025-04-25,CUST-1000,Cloud Infrastructure,APAC,Gordon Freeman,9,4800.0,0.05,41040.0,12741.83,28298.17
SO-2024481,2025-04-26,CUST-1001,Security Suite,LATAM,Gordon Freeman,5,3200.0,0.0,16000.0,5962.17,10037.83
SO-2024482,2025-04-27,CUST-1002,AI Copilot Seats,North America,Sarah Connor,3,1200.0,0.0,3600.0,1251.93,2348.07
SO-2024483,2025-04-28,CUST-1003,Developer Tools,EMEA,Ellen Ripley,11,750.0,0.05,7837.5,2200.33,5637.17
SO-2024484,2025-04-29,CUST-1004,Cloud Infrastructure,EMEA,Ellen Ripley,1,4800.0,0.0,4800.0,1884.62,2915.38
SO-2024485,2025-04-30,CUST-1005,Database Enterprise,APAC,Alex Vance,10,8500.0,0.1,76500.0,29696.79,46803.21
SO-2024486,2025-05-01,CUST-1006,Cloud Infrastructure,LATAM,Marcus Fenix,12,4800.0,0.1,51840.0,18495.41,33344.59
SO-2024487,2025-05-02,CUST-1007,Database Enterprise,North America,Alex Vance,6,8500.0,0.05,48450.0,14016.82,34433.18
SO-2024488,2025-05-03,CUST-1008,Security Suite,North America,Alex Vance,2,3200.0,0.15,5440.0,2106.98,3333.02
SO-2024489,2025-05-04,CUST-1009,AI Copilot Seats,LATAM,Marcus Fenix,13,1200.0,0.0,15600.0,5642.83,9957.17
SO-2024490,2025-05-05,CUST-1010,Cloud Infrastructure,North America,Sarah Connor,3,4800.0,0.15,12240.0,4767.17,7472.83
SO-2024491,2025-05-06,CUST-1011,Developer Tools,LATAM,Ellen Ripley,1,750.0,0.05,712.5,274.49,438.01
SO-2024492,2025-05-07,CUST-1012,Security Suite,EMEA,Alex Vance,9,3200.0,0.05,27360.0,10736.62,16623.38
SO-2024493,2025-05-08,CUST-1013,Cloud Infrastructure,LATAM,Marcus Fenix,8,4800.0,0.0,38400.0,13536.81,24863.19
SO-2024494,2025-05-09,CUST-1014,Developer Tools,North America,Gordon Freeman,12,750.0,0.1,8100.0,2427.13,5672.87
SO-2024495,2025-05-10,CUST-1015,Cloud Infrastructure,LATAM,Alex Vance,2,4800.0,0.0,9600.0,3590.04,6009.96
SO-2024496,2025-05-11,CUST-1016,Database Enterprise,APAC,Ellen Ripley,12,8500.0,0.0,102000.0,37420.37,64579.63
SO-2024497,2025-05-12,CUST-1017,Cloud Infrastructure,EMEA,Sarah Connor,11,4800.0,0.0,52800.0,20270.74,32529.26
SO-2024498,2025-05-13,CUST-1018,Cloud Infrastructure,EMEA,Alex Vance,8,4800.0,0.05,36480.0,11082.02,25397.98
SO-2024499,2025-05-14,CUST-1019,Cloud Infrastructure,LATAM,Alex Vance,12,4800.0,0.05,54720.0,16815.27,37904.73
SO-2024500,2025-05-15,CUST-1020,Security Suite,North America,Marcus Fenix,14,3200.0,0.05,42560.0,17222.22,25337.78
SO-2024501,2025-05-16,CUST-1021,Cloud Infrastructure,APAC,Gordon Freeman,9,4800.0,0.1,38880.0,14968.68,23911.32
SO-2024502,2025-05-17,CUST-1022,Developer Tools,EMEA,Gordon Freeman,1,750.0,0.0,750.0,305.36,444.64
SO-2024503,2025-05-18,CUST-1023,Database Enterprise,EMEA,Sarah Connor,13,8500.0,0.05,104975.0,40543.46,64431.54
SO-2024504,2025-05-19,CUST-1024,Database Enterprise,North America,Ellen Ripley,5,8500.0,0.0,42500.0,15453.07,27046.93
SO-2024505,2025-05-20,CUST-1025,Cloud Infrastructure,North America,Sarah Connor,8,4800.0,0.1,34560.0,12841.76,21718.24
SO-2024506,2025-05-21,CUST-1026,Security Suite,APAC,Alex Vance,11,3200.0,0.1,31680.0,12813.86,18866.14
SO-2024507,2025-05-22,CUST-1027,Security Suite,LATAM,Alex Vance,14,3200.0,0.05,42560.0,15365.56,27194.44
SO-2024508,2025-05-23,CUST-1028,Developer Tools,North America,Gordon Freeman,2,750.0,0.05,1425.0,525.16,899.84
SO-2024509,2025-05-24,CUST-1029,Cloud Infrastructure,LATAM,Ellen Ripley,4,4800.0,0.0,19200.0,5796.61,13403.39
SO-2024510,2025-05-25,CUST-1030,Database Enterprise,APAC,Marcus Fenix,7,8500.0,0.0,59500.0,20607.76,38892.24
SO-2024511,2025-05-26,CUST-1031,Security Suite,LATAM,Ellen Ripley,3,3200.0,0.1,8640.0,3285.75,5354.25
SO-2024512,2025-05-27,CUST-1032,Cloud Infrastructure,EMEA,Alex Vance,13,4800.0,0.0,62400.0,19838.96,42561.04
SO-2024513,2025-05-28,CUST-1033,Security Suite,LATAM,Marcus Fenix,12,3200.0,0.0,38400.0,11839.32,26560.68
SO-2024514,2025-05-29,CUST-1034,Security Suite,APAC,Ellen Ripley,5,3200.0,0.0,16000.0,5182.97,10817.03
SO-2024515,2025-05-30,CUST-1035,Database Enterprise,APAC,Ellen Ripley,8,8500.0,0.1,61200.0,19205.18,41994.82
SO-2024516,2025-05-31,CUST-1036,AI Copilot Seats,APAC,Marcus Fenix,12,1200.0,0.0,14400.0,4465.26,9934.74
SO-2024517,2025-06-01,CUST-1037,Developer Tools,LATAM,Alex Vance,10,750.0,0.0,7500.0,2546.09,4953.91
SO-2024518,2025-06-02,CUST-1038,Developer Tools,EMEA,Ellen Ripley,3,750.0,0.05,2137.5,870.17,1267.33
SO-2024519,2025-06-03,CUST-1039,Database Enterprise,North America,Marcus Fenix,4,8500.0,0.1,30600.0,10740.24,19859.76
SO-2024520,2025-06-04,CUST-1040,Security Suite,EMEA,Alex Vance,14,3200.0,0.0,44800.0,13722.64,31077.36
SO-2024521,2025-06-05,CUST-1041,Cloud Infrastructure,LATAM,Marcus Fenix,9,4800.0,0.0,43200.0,12561.52,30638.48
SO-2024522,2025-06-06,CUST-1042,Security Suite,LATAM,Marcus Fenix,14,3200.0,0.0,44800.0,16910.29,27889.71
SO-2024523,2025-06-07,CUST-1043,Database Enterprise,North America,Ellen Ripley,14,8500.0,0.0,119000.0,39697.43,79302.57
SO-2024524,2025-06-08,CUST-1044,Developer Tools,LATAM,Alex Vance,7,750.0,0.0,5250.0,2074.05,3175.95
SO-2024525,2025-06-09,CUST-1045,Security Suite,APAC,Ellen Ripley,1,3200.0,0.05,3040.0,1131.89,1908.11
SO-2024526,2025-06-10,CUST-1046,Developer Tools,APAC,Sarah Connor,14,750.0,0.05,9975.0,3904.95,6070.05
SO-2024527,2025-06-11,CUST-1047,Cloud Infrastructure,APAC,Sarah Connor,12,4800.0,0.05,54720.0,17404.92,37315.08
SO-2024528,2025-06-12,CUST-1048,Developer Tools,APAC,Alex Vance,4,750.0,0.0,3000.0,1130.79,1869.21
SO-2024529,2025-06-13,CUST-1049,Developer Tools,APAC,Marcus Fenix,4,750.0,0.1,2700.0,855.82,1844.18
SO-2024530,2025-06-14,CUST-1050,AI Copilot Seats,LATAM,Ellen Ripley,9,1200.0,0.0,10800.0,4443.87,6356.13
SO-2024531,2025-06-15,CUST-1051,AI Copilot Seats,North America,Ellen Ripley,6,1200.0,0.15,6120.0,2258.85,3861.15
SO-2024532,2025-06-16,CUST-1052,AI Copilot Seats,North America,Alex Vance,9,1200.0,0.05,10260.0,3338.93,6921.07
SO-2024533,2025-06-17,CUST-1053,Developer Tools,APAC,Alex Vance,12,750.0,0.0,9000.0,2859.58,6140.42
SO-2024534,2025-06-18,CUST-1054,Database Enterprise,LATAM,Sarah Connor,6,8500.0,0.05,48450.0,14861.06,33588.94
SO-2024535,2025-06-19,CUST-1055,Developer Tools,EMEA,Gordon Freeman,6,750.0,0.0,4500.0,1697.62,2802.38
SO-2024536,2025-06-20,CUST-1056,Database Enterprise,EMEA,Alex Vance,5,8500.0,0.05,40375.0,12541.29,27833.71
SO-2024537,2025-06-21,CUST-1057,Database Enterprise,LATAM,Gordon Freeman,5,8500.0,0.0,42500.0,15442.05,27057.95
SO-2024538,2025-06-22,CUST-1058,AI Copilot Seats,APAC,Alex Vance,2,1200.0,0.0,2400.0,760.92,1639.08
SO-2024539,2025-06-23,CUST-1059,Security Suite,North America,Marcus Fenix,8,3200.0,0.1,23040.0,8586.45,14453.55
SO-2024540,2025-06-24,CUST-1060,Cloud Infrastructure,LATAM,Marcus Fenix,8,4800.0,0.0,38400.0,15133.12,23266.88
SO-2024541,2025-06-25,CUST-1061,AI Copilot Seats,EMEA,Sarah Connor,11,1200.0,0.1,11880.0,4620.41,7259.59
SO-2024542,2025-06-26,CUST-1062,AI Copilot Seats,EMEA,Sarah Connor,13,1200.0,0.0,15600.0,6029.7,9570.3
SO-2024543,2025-06-27,CUST-1063,Security Suite,EMEA,Gordon Freeman,1,3200.0,0.05,3040.0,931.09,2108.91
SO-2024544,2025-06-28,CUST-1064,Cloud Infrastructure,APAC,Alex Vance,8,4800.0,0.05,36480.0,10665.8,25814.2
SO-2024545,2025-06-29,CUST-1065,Developer Tools,EMEA,Ellen Ripley,5,750.0,0.05,3562.5,1346.1,2216.4
SO-2024546,2025-06-30,CUST-1066,Developer Tools,LATAM,Sarah Connor,2,750.0,0.0,1500.0,497.35,1002.65
SO-2024547,2025-07-01,CUST-1067,AI Copilot Seats,LATAM,Ellen Ripley,14,1200.0,0.0,16800.0,5720.88,11079.12
SO-2024548,2025-07-02,CUST-1068,Cloud Infrastructure,EMEA,Ellen Ripley,2,4800.0,0.0,9600.0,2729.86,6870.14
SO-2024549,2025-07-03,CUST-1069,AI Copilot Seats,LATAM,Alex Vance,14,1200.0,0.0,16800.0,5314.52,11485.48
SO-2024550,2025-07-04,CUST-1070,Database Enterprise,EMEA,Gordon Freeman,6,8500.0,0.05,48450.0,13794.43,34655.57
SO-2024551,2025-07-05,CUST-1071,AI Copilot Seats,EMEA,Alex Vance,11,1200.0,0.15,11220.0,4522.63,6697.37
SO-2024552,2025-07-06,CUST-1072,AI Copilot Seats,North America,Sarah Connor,13,1200.0,0.1,14040.0,4409.62,9630.38
SO-2024553,2025-07-07,CUST-1073,Developer Tools,APAC,Ellen Ripley,9,750.0,0.1,6075.0,2175.02,3899.98
SO-2024554,2025-07-08,CUST-1074,Developer Tools,APAC,Alex Vance,1,750.0,0.1,675.0,192.68,482.32
SO-2024555,2025-07-09,CUST-1075,Developer Tools,North America,Alex Vance,12,750.0,0.05,8550.0,3192.22,5357.78
SO-2024556,2025-07-10,CUST-1076,Database Enterprise,North America,Alex Vance,6,8500.0,0.0,51000.0,16586.42,34413.58
SO-2024557,2025-07-11,CUST-1077,Developer Tools,APAC,Sarah Connor,9,750.0,0.15,5737.5,2327.75,3409.75
SO-2024558,2025-07-12,CUST-1078,Cloud Infrastructure,EMEA,Gordon Freeman,8,4800.0,0.05,36480.0,14750.2,21729.8
SO-2024559,2025-07-13,CUST-1079,Security Suite,EMEA,Alex Vance,11,3200.0,0.05,33440.0,10886.08,22553.92
SO-2024560,2025-07-14,CUST-1000,Cloud Infrastructure,APAC,Sarah Connor,6,4800.0,0.0,28800.0,11696.67,17103.33
SO-2024561,2025-07-15,CUST-1001,Cloud Infrastructure,EMEA,Ellen Ripley,3,4800.0,0.0,14400.0,6040.25,8359.75
SO-2024562,2025-07-16,CUST-1002,Developer Tools,North America,Marcus Fenix,8,750.0,0.0,6000.0,2373.35,3626.65
SO-2024563,2025-07-17,CUST-1003,Security Suite,EMEA,Sarah Connor,9,3200.0,0.1,25920.0,10323.47,15596.53
SO-2024564,2025-07-18,CUST-1004,Security Suite,EMEA,Marcus Fenix,1,3200.0,0.05,3040.0,957.18,2082.82
SO-2024565,2025-07-19,CUST-1005,Security Suite,LATAM,Alex Vance,12,3200.0,0.0,38400.0,13852.35,24547.65
SO-2024566,2025-07-20,CUST-1006,Database Enterprise,LATAM,Alex Vance,9,8500.0,0.15,65025.0,18819.26,46205.74
SO-2024567,2025-07-21,CUST-1007,Developer Tools,LATAM,Sarah Connor,14,750.0,0.0,10500.0,3079.53,7420.47
SO-2024568,2025-07-22,CUST-1008,Security Suite,EMEA,Marcus Fenix,6,3200.0,0.0,19200.0,8061.02,11138.98
SO-2024569,2025-07-23,CUST-1009,Database Enterprise,APAC,Alex Vance,6,8500.0,0.0,51000.0,16612.2,34387.8
SO-2024570,2025-07-24,CUST-1010,AI Copilot Seats,North America,Ellen Ripley,12,1200.0,0.05,13680.0,5263.32,8416.68
SO-2024571,2025-07-25,CUST-1011,AI Copilot Seats,EMEA,Gordon Freeman,4,1200.0,0.15,4080.0,1603.17,2476.83
SO-2024572,2025-07-26,CUST-1012,Database Enterprise,APAC,Gordon Freeman,1,8500.0,0.0,8500.0,3401.05,5098.95
SO-2024573,2025-07-27,CUST-1013,Database Enterprise,EMEA,Alex Vance,10,8500.0,0.1,76500.0,32104.6,44395.4
SO-2024574,2025-07-28,CUST-1014,Developer Tools,North America,Marcus Fenix,8,750.0,0.0,6000.0,1882.86,4117.14
SO-2024575,2025-07-29,CUST-1015,Developer Tools,EMEA,Alex Vance,2,750.0,0.15,1275.0,364.2,910.8
SO-2024576,2025-07-30,CUST-1016,AI Copilot Seats,North America,Marcus Fenix,12,1200.0,0.1,12960.0,4374.87,8585.13
SO-2024577,2025-07-31,CUST-1017,Security Suite,EMEA,Ellen Ripley,1,3200.0,0.1,2880.0,858.85,2021.15
SO-2024578,2025-08-01,CUST-1018,AI Copilot Seats,North America,Marcus Fenix,2,1200.0,0.0,2400.0,679.54,1720.46
SO-2024579,2025-08-02,CUST-1019,Security Suite,EMEA,Alex Vance,1,3200.0,0.15,2720.0,898.85,1821.15
SO-2024580,2025-08-03,CUST-1020,Security Suite,North America,Ellen Ripley,1,3200.0,0.05,3040.0,1184.76,1855.24
SO-2024581,2025-08-04,CUST-1021,Developer Tools,LATAM,Sarah Connor,9,750.0,0.0,6750.0,2425.04,4324.96
SO-2024582,2025-08-05,CUST-1022,Cloud Infrastructure,EMEA,Gordon Freeman,13,4800.0,0.1,56160.0,18183.99,37976.01
SO-2024583,2025-08-06,CUST-1023,Cloud Infrastructure,EMEA,Alex Vance,14,4800.0,0.0,67200.0,24972.05,42227.95
SO-2024584,2025-08-07,CUST-1024,Database Enterprise,APAC,Alex Vance,1,8500.0,0.1,7650.0,2390.49,5259.51
SO-2024585,2025-08-08,CUST-1025,Developer Tools,APAC,Alex Vance,13,750.0,0.0,9750.0,2749.63,7000.37
SO-2024586,2025-08-09,CUST-1026,Security Suite,North America,Ellen Ripley,4,3200.0,0.05,12160.0,4706.04,7453.96
SO-2024587,2025-08-10,CUST-1027,Cloud Infrastructure,EMEA,Sarah Connor,10,4800.0,0.05,45600.0,16749.98,28850.02
SO-2024588,2025-08-11,CUST-1028,Security Suite,North America,Marcus Fenix,6,3200.0,0.0,19200.0,7425.07,11774.93
SO-2024589,2025-08-12,CUST-1029,Cloud Infrastructure,LATAM,Sarah Connor,7,4800.0,0.0,33600.0,9591.16,24008.84
SO-2024590,2025-08-13,CUST-1030,Cloud Infrastructure,APAC,Ellen Ripley,2,4800.0,0.0,9600.0,3813.09,5786.91
SO-2024591,2025-08-14,CUST-1031,Cloud Infrastructure,North America,Alex Vance,6,4800.0,0.0,28800.0,10561.93,18238.07
SO-2024592,2025-08-15,CUST-1032,Developer Tools,North America,Gordon Freeman,7,750.0,0.0,5250.0,1884.1,3365.9
SO-2024593,2025-08-16,CUST-1033,AI Copilot Seats,APAC,Alex Vance,10,1200.0,0.05,11400.0,4188.88,7211.12
SO-2024594,2025-08-17,CUST-1034,Security Suite,EMEA,Marcus Fenix,14,3200.0,0.0,44800.0,17965.73,26834.27
SO-2024595,2025-08-18,CUST-1035,Developer Tools,North America,Gordon Freeman,10,750.0,0.0,7500.0,2716.28,4783.72
SO-2024596,2025-08-19,CUST-1036,Developer Tools,APAC,Alex Vance,2,750.0,0.05,1425.0,514.9,910.1
SO-2024597,2025-08-20,CUST-1037,Developer Tools,EMEA,Gordon Freeman,2,750.0,0.0,1500.0,628.04,871.96
SO-2024598,2025-08-21,CUST-1038,Developer Tools,LATAM,Sarah Connor,10,750.0,0.15,6375.0,2460.38,3914.62
SO-2024599,2025-08-22,CUST-1039,Developer Tools,APAC,Ellen Ripley,7,750.0,0.1,4725.0,1615.58,3109.42
SO-2024600,2025-08-23,CUST-1040,Database Enterprise,North America,Alex Vance,12,8500.0,0.05,96900.0,36728.55,60171.45
SO-2024601,2025-08-24,CUST-1041,Security Suite,LATAM,Marcus Fenix,1,3200.0,0.05,3040.0,1016.86,2023.14
SO-2024602,2025-08-25,CUST-1042,Developer Tools,EMEA,Sarah Connor,8,750.0,0.1,5400.0,1685.03,3714.97
SO-2024603,2025-08-26,CUST-1043,Security Suite,EMEA,Alex Vance,11,3200.0,0.0,35200.0,12797.29,22402.71
SO-2024604,2025-08-27,CUST-1044,Database Enterprise,APAC,Sarah Connor,13,8500.0,0.0,110500.0,45298.98,65201.02
SO-2024605,2025-08-28,CUST-1045,Database Enterprise,APAC,Marcus Fenix,3,8500.0,0.0,25500.0,10457.03,15042.97
SO-2024606,2025-08-29,CUST-1046,Security Suite,APAC,Alex Vance,11,3200.0,0.1,31680.0,10386.82,21293.18
SO-2024607,2025-08-30,CUST-1047,Cloud Infrastructure,EMEA,Marcus Fenix,6,4800.0,0.0,28800.0,10191.6,18608.4
SO-2024608,2025-08-31,CUST-1048,AI Copilot Seats,LATAM,Gordon Freeman,9,1200.0,0.05,10260.0,3176.79,7083.21
SO-2024609,2025-09-01,CUST-1049,Cloud Infrastructure,EMEA,Marcus Fenix,6,4800.0,0.15,24480.0,10266.63,14213.37
SO-2024610,2025-09-02,CUST-1050,Cloud Infrastructure,North America,Gordon Freeman,9,4800.0,0.1,38880.0,16226.82,22653.18
SO-2024611,2025-09-03,CUST-1051,Cloud Infrastructure,EMEA,Alex Vance,7,4800.0,0.05,31920.0,11840.13,20079.87
SO-2024612,2025-09-04,CUST-1052,Developer Tools,North America,Gordon Freeman,9,750.0,0.0,6750.0,2650.17,4099.83
SO-2024613,2025-09-05,CUST-1053,Database Enterprise,LATAM,Alex Vance,2,8500.0,0.1,15300.0,5815.74,9484.26
SO-2024614,2025-09-06,CUST-1054,Cloud Infrastructure,APAC,Alex Vance,12,4800.0,0.05,54720.0,19865.67,34854.33
SO-2024615,2025-09-07,CUST-1055,Database Enterprise,APAC,Ellen Ripley,8,8500.0,0.0,68000.0,19547.87,48452.13
SO-2024616,2025-09-08,CUST-1056,Security Suite,EMEA,Alex Vance,8,3200.0,0.0,25600.0,8797.88,16802.12
SO-2024617,2025-09-09,CUST-1057,AI Copilot Seats,APAC,Gordon Freeman,2,1200.0,0.15,2040.0,763.92,1276.08
SO-2024618,2025-09-10,CUST-1058,Security Suite,LATAM,Ellen Ripley,12,3200.0,0.05,36480.0,13674.69,22805.31
SO-2024619,2025-09-11,CUST-1059,Security Suite,APAC,Ellen Ripley,14,3200.0,0.1,40320.0,13395.8,26924.2
SO-2024620,2025-09-12,CUST-1060,Developer Tools,EMEA,Alex Vance,4,750.0,0.1,2700.0,1111.96,1588.04
SO-2024621,2025-09-13,CUST-1061,AI Copilot Seats,LATAM,Marcus Fenix,14,1200.0,0.05,15960.0,4842.74,11117.26
SO-2024622,2025-09-14,CUST-1062,Security Suite,North America,Marcus Fenix,11,3200.0,0.05,33440.0,11705.68,21734.32
SO-2024623,2025-09-15,CUST-1063,Security Suite,EMEA,Ellen Ripley,7,3200.0,0.0,22400.0,8438.61,13961.39
SO-2024624,2025-09-16,CUST-1064,AI Copilot Seats,North America,Alex Vance,11,1200.0,0.0,13200.0,4984.31,8215.69
SO-2024625,2025-09-17,CUST-1065,AI Copilot Seats,LATAM,Marcus Fenix,4,1200.0,0.0,4800.0,1779.89,3020.11
SO-2024626,2025-09-18,CUST-1066,Security Suite,EMEA,Alex Vance,4,3200.0,0.1,11520.0,3669.58,7850.42
SO-2024627,2025-09-19,CUST-1067,AI Copilot Seats,EMEA,Alex Vance,6,1200.0,0.05,6840.0,2064.78,4775.22
SO-2024628,2025-09-20,CUST-1068,Security Suite,LATAM,Ellen Ripley,10,3200.0,0.1,28800.0,10628.11,18171.89
SO-2024629,2025-09-21,CUST-1069,Security Suite,APAC,Ellen Ripley,6,3200.0,0.0,19200.0,6986.92,12213.08
SO-2024630,2025-09-22,CUST-1070,Developer Tools,EMEA,Sarah Connor,10,750.0,0.05,7125.0,2173.91,4951.09
SO-2024631,2025-09-23,CUST-1071,Cloud Infrastructure,EMEA,Marcus Fenix,3,4800.0,0.05,13680.0,5180.88,8499.12
SO-2024632,2025-09-24,CUST-1072,Security Suite,North America,Marcus Fenix,9,3200.0,0.05,27360.0,9404.29,17955.71
SO-2024633,2025-09-25,CUST-1073,Database Enterprise,APAC,Marcus Fenix,12,8500.0,0.05,96900.0,36190.84,60709.16
SO-2024634,2025-09-26,CUST-1074,Cloud Infrastructure,North America,Gordon Freeman,10,4800.0,0.0,48000.0,19067.11,28932.89
SO-2024635,2025-09-27,CUST-1075,Cloud Infrastructure,North America,Alex Vance,14,4800.0,0.05,63840.0,19392.16,44447.84
SO-2024636,2025-09-28,CUST-1076,Cloud Infrastructure,APAC,Ellen Ripley,11,4800.0,0.0,52800.0,14925.52,37874.48
SO-2024637,2025-09-29,CUST-1077,Developer Tools,APAC,Marcus Fenix,2,750.0,0.0,1500.0,583.61,916.39
SO-2024638,2025-09-30,CUST-1078,Security Suite,LATAM,Sarah Connor,6,3200.0,0.0,19200.0,7014.87,12185.13
SO-2024639,2025-10-01,CUST-1079,Developer Tools,APAC,Marcus Fenix,12,750.0,0.05,8550.0,3231.47,5318.53
SO-2024640,2025-10-02,CUST-1000,Security Suite,EMEA,Alex Vance,7,3200.0,0.15,19040.0,7565.39,11474.61
SO-2024641,2025-10-03,CUST-1001,Developer Tools,APAC,Alex Vance,12,750.0,0.05,8550.0,3354.96,5195.04
SO-2024642,2025-10-04,CUST-1002,Developer Tools,LATAM,Ellen Ripley,13,750.0,0.05,9262.5,3839.57,5422.93
SO-2024643,2025-10-05,CUST-1003,Database Enterprise,LATAM,Gordon Freeman,9,8500.0,0.05,72675.0,25801.87,46873.13
SO-2024644,2025-10-06,CUST-1004,Developer Tools,LATAM,Ellen Ripley,13,750.0,0.05,9262.5,3226.96,6035.54
SO-2024645,2025-10-07,CUST-1005,AI Copilot Seats,APAC,Marcus Fenix,3,1200.0,0.0,3600.0,1210.55,2389.45
SO-2024646,2025-10-08,CUST-1006,Database Enterprise,APAC,Sarah Connor,10,8500.0,0.0,85000.0,25628.92,59371.08
SO-2024647,2025-10-09,CUST-1007,Developer Tools,North America,Ellen Ripley,3,750.0,0.0,2250.0,810.37,1439.63
SO-2024648,2025-10-10,CUST-1008,Cloud Infrastructure,North America,Gordon Freeman,7,4800.0,0.0,33600.0,10711.07,22888.93
SO-2024649,2025-10-11,CUST-1009,AI Copilot Seats,EMEA,Ellen Ripley,14,1200.0,0.0,16800.0,6870.92,9929.08
SO-2024650,2025-10-12,CUST-1010,AI Copilot Seats,North America,Alex Vance,4,1200.0,0.0,4800.0,1735.9,3064.1
SO-2024651,2025-10-13,CUST-1011,AI Copilot Seats,EMEA,Marcus Fenix,13,1200.0,0.0,15600.0,5662.76,9937.24
SO-2024652,2025-10-14,CUST-1012,Database Enterprise,LATAM,Marcus Fenix,8,8500.0,0.15,57800.0,19056.05,38743.95
SO-2024653,2025-10-15,CUST-1013,Developer Tools,North America,Marcus Fenix,13,750.0,0.0,9750.0,2800.97,6949.03
SO-2024654,2025-10-16,CUST-1014,Developer Tools,APAC,Marcus Fenix,7,750.0,0.0,5250.0,1493.33,3756.67
SO-2024655,2025-10-17,CUST-1015,Cloud Infrastructure,North America,Marcus Fenix,5,4800.0,0.0,24000.0,8142.41,15857.59
SO-2024656,2025-10-18,CUST-1016,Cloud Infrastructure,EMEA,Marcus Fenix,7,4800.0,0.05,31920.0,9315.51,22604.49
SO-2024657,2025-10-19,CUST-1017,AI Copilot Seats,North America,Sarah Connor,3,1200.0,0.0,3600.0,1313.85,2286.15
SO-2024658,2025-10-20,CUST-1018,Cloud Infrastructure,LATAM,Gordon Freeman,12,4800.0,0.0,57600.0,23232.17,34367.83
SO-2024659,2025-10-21,CUST-1019,Database Enterprise,APAC,Marcus Fenix,2,8500.0,0.05,16150.0,6518.27,9631.73
SO-2024660,2025-10-22,CUST-1020,Developer Tools,EMEA,Gordon Freeman,6,750.0,0.0,4500.0,1675.2,2824.8
SO-2024661,2025-10-23,CUST-1021,AI Copilot Seats,APAC,Marcus Fenix,2,1200.0,0.0,2400.0,742.97,1657.03
SO-2024662,2025-10-24,CUST-1022,Cloud Infrastructure,APAC,Ellen Ripley,3,4800.0,0.0,14400.0,5771.8,8628.2
SO-2024663,2025-10-25,CUST-1023,Database Enterprise,EMEA,Marcus Fenix,6,8500.0,0.0,51000.0,20606.71,30393.29
SO-2024664,2025-10-26,CUST-1024,Database Enterprise,APAC,Alex Vance,5,8500.0,0.0,42500.0,13070.09,29429.91
SO-2024665,2025-10-27,CUST-1025,Cloud Infrastructure,APAC,Sarah Connor,8,4800.0,0.0,38400.0,14716.4,23683.6
SO-2024666,2025-10-28,CUST-1026,Developer Tools,North America,Ellen Ripley,9,750.0,0.1,6075.0,1944.68,4130.32
SO-2024667,2025-10-29,CUST-1027,Cloud Infrastructure,APAC,Ellen Ripley,11,4800.0,0.05,50160.0,19681.26,30478.74
SO-2024668,2025-10-30,CUST-1028,AI Copilot Seats,APAC,Alex Vance,3,1200.0,0.05,3420.0,1435.08,1984.92
SO-2024669,2025-10-31,CUST-1029,Cloud Infrastructure,APAC,Marcus Fenix,12,4800.0,0.0,57600.0,16370.13,41229.87
SO-2024670,2025-11-01,CUST-1030,Database Enterprise,APAC,Sarah Connor,10,8500.0,0.15,72250.0,29306.86,42943.14
SO-2024671,2025-11-02,CUST-1031,Cloud Infrastructure,EMEA,Ellen Ripley,3,4800.0,0.0,14400.0,5287.22,9112.78
SO-2024672,2025-11-03,CUST-1032,Developer Tools,LATAM,Sarah Connor,3,750.0,0.0,2250.0,936.62,1313.38
SO-2024673,2025-11-04,CUST-1033,Security Suite,North America,Ellen Ripley,13,3200.0,0.05,39520.0,13638.4,25881.6
SO-2024674,2025-11-05,CUST-1034,Cloud Infrastructure,APAC,Marcus Fenix,13,4800.0,0.0,62400.0,24874.78,37525.22
SO-2024675,2025-11-06,CUST-1035,Developer Tools,APAC,Ellen Ripley,6,750.0,0.0,4500.0,1299.31,3200.69
SO-2024676,2025-11-07,CUST-1036,Developer Tools,EMEA,Ellen Ripley,1,750.0,0.05,712.5,232.94,479.56
SO-2024677,2025-11-08,CUST-1037,Database Enterprise,LATAM,Gordon Freeman,7,8500.0,0.1,53550.0,15496.42,38053.58
SO-2024678,2025-11-09,CUST-1038,Developer Tools,APAC,Marcus Fenix,12,750.0,0.0,9000.0,3748.93,5251.07
SO-2024679,2025-11-10,CUST-1039,Developer Tools,EMEA,Alex Vance,1,750.0,0.05,712.5,280.99,431.51
SO-2024680,2025-11-11,CUST-1040,Developer Tools,North America,Alex Vance,14,750.0,0.15,8925.0,3564.26,5360.74
SO-2024681,2025-11-12,CUST-1041,Developer Tools,North America,Marcus Fenix,5,750.0,0.0,3750.0,1542.43,2207.57
SO-2024682,2025-11-13,CUST-1042,AI Copilot Seats,APAC,Alex Vance,10,1200.0,0.0,12000.0,3502.97,8497.03
SO-2024683,2025-11-14,CUST-1043,AI Copilot Seats,APAC,Marcus Fenix,13,1200.0,0.0,15600.0,5210.15,10389.85
SO-2024684,2025-11-15,CUST-1044,Database Enterprise,LATAM,Alex Vance,8,8500.0,0.0,68000.0,19716.25,48283.75
SO-2024685,2025-11-16,CUST-1045,Cloud Infrastructure,LATAM,Gordon Freeman,4,4800.0,0.0,19200.0,5942.61,13257.39
SO-2024686,2025-11-17,CUST-1046,Developer Tools,APAC,Alex Vance,5,750.0,0.15,3187.5,994.85,2192.65
SO-2024687,2025-11-18,CUST-1047,Cloud Infrastructure,EMEA,Ellen Ripley,4,4800.0,0.05,18240.0,6305.11,11934.89
SO-2024688,2025-11-19,CUST-1048,Cloud Infrastructure,LATAM,Marcus Fenix,12,4800.0,0.05,54720.0,17379.0,37341.0
SO-2024689,2025-11-20,CUST-1049,Database Enterprise,APAC,Sarah Connor,12,8500.0,0.0,102000.0,30001.97,71998.03
SO-2024690,2025-11-21,CUST-1050,Developer Tools,LATAM,Sarah Connor,14,750.0,0.1,9450.0,2867.59,6582.41
SO-2024691,2025-11-22,CUST-1051,Developer Tools,APAC,Marcus Fenix,4,750.0,0.15,2550.0,766.58,1783.42
SO-2024692,2025-11-23,CUST-1052,Security Suite,North America,Gordon Freeman,12,3200.0,0.1,34560.0,14384.93,20175.07
SO-2024693,2025-11-24,CUST-1053,Cloud Infrastructure,APAC,Alex Vance,8,4800.0,0.0,38400.0,14833.96,23566.04
SO-2024694,2025-11-25,CUST-1054,Cloud Infrastructure,North America,Gordon Freeman,2,4800.0,0.05,9120.0,3789.24,5330.76
SO-2024695,2025-11-26,CUST-1055,AI Copilot Seats,LATAM,Sarah Connor,1,1200.0,0.0,1200.0,409.88,790.12
SO-2024696,2025-11-27,CUST-1056,Security Suite,APAC,Marcus Fenix,3,3200.0,0.0,9600.0,3062.13,6537.87
SO-2024697,2025-11-28,CUST-1057,AI Copilot Seats,LATAM,Marcus Fenix,9,1200.0,0.0,10800.0,4231.02,6568.98
SO-2024698,2025-11-29,CUST-1058,AI Copilot Seats,North America,Gordon Freeman,4,1200.0,0.05,4560.0,1485.08,3074.92
SO-2024699,2025-11-30,CUST-1059,AI Copilot Seats,APAC,Gordon Freeman,10,1200.0,0.05,11400.0,3669.82,7730.18
SO-2024700,2025-12-01,CUST-1060,Database Enterprise,LATAM,Alex Vance,5,8500.0,0.0,42500.0,13283.41,29216.59
SO-2024701,2025-12-02,CUST-1061,Database Enterprise,North America,Ellen Ripley,2,8500.0,0.0,17000.0,5068.64,11931.36
SO-2024702,2025-12-03,CUST-1062,AI Copilot Seats,LATAM,Ellen Ripley,4,1200.0,0.0,4800.0,1516.34,3283.66
SO-2024703,2025-12-04,CUST-1063,Security Suite,EMEA,Alex Vance,2,3200.0,0.0,6400.0,2110.37,4289.63
SO-2024704,2025-12-05,CUST-1064,Cloud Infrastructure,North America,Ellen Ripley,2,4800.0,0.0,9600.0,3593.85,6006.15
SO-2024705,2025-12-06,CUST-1065,Security Suite,North America,Sarah Connor,4,3200.0,0.0,12800.0,3696.12,9103.88
SO-2024706,2025-12-07,CUST-1066,Developer Tools,North America,Ellen Ripley,6,750.0,0.1,4050.0,1253.36,2796.64
SO-2024707,2025-12-08,CUST-1067,Database Enterprise,APAC,Alex Vance,7,8500.0,0.0,59500.0,23399.17,36100.83
SO-2024708,2025-12-09,CUST-1068,Cloud Infrastructure,APAC,Ellen Ripley,10,4800.0,0.0,48000.0,14427.32,33572.68
SO-2024709,2025-12-10,CUST-1069,Cloud Infrastructure,APAC,Marcus Fenix,3,4800.0,0.0,14400.0,4722.77,9677.23
SO-2024710,2025-12-11,CUST-1070,Developer Tools,EMEA,Gordon Freeman,3,750.0,0.15,1912.5,767.01,1145.49
SO-2024711,2025-12-12,CUST-1071,Developer Tools,EMEA,Sarah Connor,10,750.0,0.05,7125.0,2149.54,4975.46
SO-2024712,2025-12-13,CUST-1072,AI Copilot Seats,North America,Marcus Fenix,6,1200.0,0.05,6840.0,1994.43,4845.57
SO-2024713,2025-12-14,CUST-1073,Database Enterprise,EMEA,Marcus Fenix,13,8500.0,0.0,110500.0,38435.8,72064.2
SO-2024714,2025-12-15,CUST-1074,Database Enterprise,LATAM,Alex Vance,12,8500.0,0.05,96900.0,31234.62,65665.38
SO-2024715,2025-12-16,CUST-1075,Security Suite,North America,Gordon Freeman,3,3200.0,0.0,9600.0,3445.22,6154.78
SO-2024716,2025-12-17,CUST-1076,AI Copilot Seats,North America,Gordon Freeman,13,1200.0,0.05,14820.0,5817.33,9002.67
SO-2024717,2025-12-18,CUST-1077,AI Copilot Seats,LATAM,Sarah Connor,2,1200.0,0.15,2040.0,610.37,1429.63
SO-2024718,2025-12-19,CUST-1078,AI Copilot Seats,North America,Alex Vance,8,1200.0,0.05,9120.0,3295.04,5824.96
SO-2024719,2025-12-20,CUST-1079,AI Copilot Seats,EMEA,Sarah Connor,5,1200.0,0.1,5400.0,1894.16,3505.84
SO-2024720,2025-12-21,CUST-1000,Database Enterprise,APAC,Ellen Ripley,1,8500.0,0.05,8075.0,2423.88,5651.12
SO-2024721,2025-12-22,CUST-1001,Database Enterprise,LATAM,Marcus Fenix,3,8500.0,0.0,25500.0,9367.67,16132.33
SO-2024722,2025-12-23,CUST-1002,AI Copilot Seats,EMEA,Sarah Connor,10,1200.0,0.15,10200.0,3246.76,6953.24
SO-2024723,2025-12-24,CUST-1003,Security Suite,LATAM,Marcus Fenix,8,3200.0,0.0,25600.0,8916.4,16683.6
SO-2024724,2025-12-25,CUST-1004,Cloud Infrastructure,LATAM,Alex Vance,4,4800.0,0.05,18240.0,5317.29,12922.71
SO-2024725,2025-12-26,CUST-1005,Cloud Infrastructure,North America,Ellen Ripley,14,4800.0,0.0,67200.0,23139.77,44060.23
SO-2024726,2025-12-27,CUST-1006,Security Suite,North America,Alex Vance,7,3200.0,0.0,22400.0,7233.07,15166.93
SO-2024727,2025-12-28,CUST-1007,AI Copilot Seats,EMEA,Ellen Ripley,10,1200.0,0.0,12000.0,4741.6,7258.4
SO-2024728,2025-12-29,CUST-1008,Database Enterprise,LATAM,Ellen Ripley,12,8500.0,0.0,102000.0,29373.66,72626.34
SO-2024729,2025-12-30,CUST-1009,Cloud Infrastructure,North America,Marcus Fenix,14,4800.0,0.0,67200.0,22754.26,44445.74
SO-2024730,2025-12-31,CUST-1010,Developer Tools,North America,Alex Vance,14,750.0,0.05,9975.0,3433.2,6541.8
SO-2024731,2026-01-01,CUST-1011,Developer Tools,LATAM,Alex Vance,2,750.0,0.0,1500.0,572.25,927.75
SO-2024732,2026-01-02,CUST-1012,Security Suite,EMEA,Sarah Connor,7,3200.0,0.0,22400.0,8072.97,14327.03
SO-2024733,2026-01-03,CUST-1013,AI Copilot Seats,EMEA,Alex Vance,5,1200.0,0.05,5700.0,2128.44,3571.56
SO-2024734,2026-01-04,CUST-1014,Cloud Infrastructure,LATAM,Sarah Connor,5,4800.0,0.0,24000.0,9330.89,14669.11
SO-2024735,2026-01-05,CUST-1015,AI Copilot Seats,EMEA,Gordon Freeman,6,1200.0,0.05,6840.0,2740.85,4099.15
SO-2024736,2026-01-06,CUST-1016,Cloud Infrastructure,North America,Gordon Freeman,13,4800.0,0.05,59280.0,19203.32,40076.68
SO-2024737,2026-01-07,CUST-1017,Security Suite,LATAM,Gordon Freeman,9,3200.0,0.1,25920.0,9209.98,16710.02
SO-2024738,2026-01-08,CUST-1018,Security Suite,North America,Alex Vance,14,3200.0,0.05,42560.0,16922.5,25637.5
SO-2024739,2026-01-09,CUST-1019,Developer Tools,APAC,Alex Vance,6,750.0,0.0,4500.0,1883.35,2616.65
SO-2024740,2026-01-10,CUST-1020,AI Copilot Seats,APAC,Sarah Connor,12,1200.0,0.05,13680.0,5534.01,8145.99
SO-2024741,2026-01-11,CUST-1021,Developer Tools,EMEA,Ellen Ripley,13,750.0,0.0,9750.0,3237.05,6512.95
SO-2024742,2026-01-12,CUST-1022,AI Copilot Seats,APAC,Sarah Connor,14,1200.0,0.0,16800.0,5163.03,11636.97
SO-2024743,2026-01-13,CUST-1023,Developer Tools,North America,Gordon Freeman,8,750.0,0.1,5400.0,1881.98,3518.02
SO-2024744,2026-01-14,CUST-1024,Database Enterprise,APAC,Sarah Connor,7,8500.0,0.0,59500.0,22837.87,36662.13
SO-2024745,2026-01-15,CUST-1025,Database Enterprise,North America,Ellen Ripley,9,8500.0,0.1,68850.0,24025.87,44824.13
SO-2024746,2026-01-16,CUST-1026,Database Enterprise,EMEA,Alex Vance,4,8500.0,0.1,30600.0,10637.95,19962.05
SO-2024747,2026-01-17,CUST-1027,Database Enterprise,EMEA,Sarah Connor,2,8500.0,0.1,15300.0,6079.49,9220.51
SO-2024748,2026-01-18,CUST-1028,Cloud Infrastructure,North America,Gordon Freeman,7,4800.0,0.15,28560.0,9441.84,19118.16
SO-2024749,2026-01-19,CUST-1029,Database Enterprise,APAC,Gordon Freeman,6,8500.0,0.0,51000.0,20418.93,30581.07
SO-2024750,2026-01-20,CUST-1030,Security Suite,EMEA,Alex Vance,1,3200.0,0.0,3200.0,1078.25,2121.75
SO-2024751,2026-01-21,CUST-1031,Security Suite,LATAM,Sarah Connor,11,3200.0,0.05,33440.0,10899.86,22540.14
SO-2024752,2026-01-22,CUST-1032,Cloud Infrastructure,EMEA,Ellen Ripley,9,4800.0,0.0,43200.0,14841.73,28358.27
SO-2024753,2026-01-23,CUST-1033,Database Enterprise,APAC,Alex Vance,9,8500.0,0.05,72675.0,28106.52,44568.48
SO-2024754,2026-01-24,CUST-1034,Database Enterprise,LATAM,Sarah Connor,12,8500.0,0.05,96900.0,28841.34,68058.66
SO-2024755,2026-01-25,CUST-1035,Database Enterprise,APAC,Marcus Fenix,2,8500.0,0.05,16150.0,4966.1,11183.9
SO-2024756,2026-01-26,CUST-1036,Developer Tools,North America,Gordon Freeman,3,750.0,0.0,2250.0,929.71,1320.29
SO-2024757,2026-01-27,CUST-1037,AI Copilot Seats,LATAM,Ellen Ripley,5,1200.0,0.0,6000.0,1827.41,4172.59
SO-2024758,2026-01-28,CUST-1038,Developer Tools,APAC,Ellen Ripley,5,750.0,0.0,3750.0,1348.06,2401.94
SO-2024759,2026-01-29,CUST-1039,AI Copilot Seats,LATAM,Ellen Ripley,1,1200.0,0.0,1200.0,433.32,766.68
SO-2024760,2026-01-30,CUST-1040,Database Enterprise,APAC,Gordon Freeman,8,8500.0,0.1,61200.0,21331.1,39868.9
SO-2024761,2026-01-31,CUST-1041,Database Enterprise,LATAM,Sarah Connor,12,8500.0,0.0,102000.0,37766.96,64233.04
SO-2024762,2026-02-01,CUST-1042,Developer Tools,APAC,Alex Vance,8,750.0,0.0,6000.0,1873.05,4126.95
SO-2024763,2026-02-02,CUST-1043,Developer Tools,North America,Sarah Connor,4,750.0,0.0,3000.0,1072.12,1927.88
SO-2024764,2026-02-03,CUST-1044,AI Copilot Seats,LATAM,Alex Vance,13,1200.0,0.05,14820.0,4921.79,9898.21
SO-2024765,2026-02-04,CUST-1045,Security Suite,LATAM,Ellen Ripley,7,3200.0,0.05,21280.0,7929.64,13350.36
SO-2024766,2026-02-05,CUST-1046,AI Copilot Seats,LATAM,Sarah Connor,11,1200.0,0.0,13200.0,3956.98,9243.02
SO-2024767,2026-02-06,CUST-1047,Developer Tools,LATAM,Ellen Ripley,10,750.0,0.0,7500.0,2699.42,4800.58
SO-2024768,2026-02-07,CUST-1048,Developer Tools,North America,Marcus Fenix,3,750.0,0.0,2250.0,688.36,1561.64
SO-2024769,2026-02-08,CUST-1049,Cloud Infrastructure,LATAM,Ellen Ripley,6,4800.0,0.0,28800.0,9187.49,19612.51
SO-2024770,2026-02-09,CUST-1050,Developer Tools,EMEA,Ellen Ripley,14,750.0,0.05,9975.0,3098.43,6876.57
SO-2024771,2026-02-10,CUST-1051,Cloud Infrastructure,North America,Alex Vance,10,4800.0,0.05,45600.0,13935.24,31664.76
SO-2024772,2026-02-11,CUST-1052,Security Suite,EMEA,Marcus Fenix,13,3200.0,0.0,41600.0,16456.94,25143.06
SO-2024773,2026-02-12,CUST-1053,AI Copilot Seats,LATAM,Ellen Ripley,10,1200.0,0.0,12000.0,3839.99,8160.01
SO-2024774,2026-02-13,CUST-1054,AI Copilot Seats,APAC,Ellen Ripley,12,1200.0,0.15,12240.0,5015.92,7224.08
SO-2024775,2026-02-14,CUST-1055,Cloud Infrastructure,EMEA,Marcus Fenix,14,4800.0,0.0,67200.0,27941.07,39258.93
SO-2024776,2026-02-15,CUST-1056,AI Copilot Seats,LATAM,Marcus Fenix,9,1200.0,0.05,10260.0,3693.36,6566.64
SO-2024777,2026-02-16,CUST-1057,Developer Tools,EMEA,Sarah Connor,1,750.0,0.0,750.0,225.02,524.98
SO-2024778,2026-02-17,CUST-1058,Database Enterprise,LATAM,Alex Vance,5,8500.0,0.0,42500.0,14128.56,28371.44
SO-2024779,2026-02-18,CUST-1059,Cloud Infrastructure,LATAM,Marcus Fenix,4,4800.0,0.0,19200.0,7520.3,11679.7
SO-2024780,2026-02-19,CUST-1060,AI Copilot Seats,LATAM,Marcus Fenix,8,1200.0,0.05,9120.0,3022.68,6097.32
SO-2024781,2026-02-20,CUST-1061,Cloud Infrastructure,APAC,Gordon Freeman,11,4800.0,0.15,44880.0,13113.15,31766.85
SO-2024782,2026-02-21,CUST-1062,Cloud Infrastructure,EMEA,Marcus Fenix,12,4800.0,0.0,57600.0,20617.91,36982.09
SO-2024783,2026-02-22,CUST-1063,Database Enterprise,North America,Alex Vance,1,8500.0,0.0,8500.0,3385.69,5114.31
SO-2024784,2026-02-23,CUST-1064,Developer Tools,North America,Ellen Ripley,9,750.0,0.0,6750.0,2642.15,4107.85
SO-2024785,2026-02-24,CUST-1065,Cloud Infrastructure,North America,Ellen Ripley,6,4800.0,0.0,28800.0,8770.1,20029.9
SO-2024786,2026-02-25,CUST-1066,AI Copilot Seats,North America,Ellen Ripley,4,1200.0,0.0,4800.0,1796.1,3003.9
SO-2024787,2026-02-26,CUST-1067,Security Suite,LATAM,Ellen Ripley,12,3200.0,0.0,38400.0,11937.43,26462.57
SO-2024788,2026-02-27,CUST-1068,Cloud Infrastructure,EMEA,Gordon Freeman,9,4800.0,0.1,38880.0,12074.15,26805.85
SO-2024789,2026-02-28,CUST-1069,Cloud Infrastructure,EMEA,Marcus Fenix,11,4800.0,0.0,52800.0,21245.14,31554.86
SO-2024790,2026-03-01,CUST-1070,Database Enterprise,APAC,Ellen Ripley,5,8500.0,0.0,42500.0,13385.53,29114.47
SO-2024791,2026-03-02,CUST-1071,Developer Tools,EMEA,Sarah Connor,5,750.0,0.15,3187.5,1009.97,2177.53
SO-2024792,2026-03-03,CUST-1072,Security Suite,EMEA,Ellen Ripley,12,3200.0,0.0,38400.0,10755.51,27644.49
SO-2024793,2026-03-04,CUST-1073,AI Copilot Seats,EMEA,Marcus Fenix,5,1200.0,0.15,5100.0,2049.66,3050.34
SO-2024794,2026-03-05,CUST-1074,Security Suite,APAC,Ellen Ripley,1,3200.0,0.0,3200.0,1251.08,1948.92
SO-2024795,2026-03-06,CUST-1075,AI Copilot Seats,North America,Gordon Freeman,1,1200.0,0.1,1080.0,397.25,682.75
SO-2024796,2026-03-07,CUST-1076,Developer Tools,EMEA,Alex Vance,8,750.0,0.05,5700.0,2194.71,3505.29
SO-2024797,2026-03-08,CUST-1077,AI Copilot Seats,APAC,Alex Vance,12,1200.0,0.1,12960.0,3904.68,9055.32
SO-2024798,2026-03-09,CUST-1078,Database Enterprise,APAC,Marcus Fenix,8,8500.0,0.15,57800.0,19892.75,37907.25
SO-2024799,2026-03-10,CUST-1079,Database Enterprise,LATAM,Alex Vance,12,8500.0,0.0,102000.0,33575.41,68424.59
SO-2024800,2026-03-11,CUST-1000,Database Enterprise,APAC,Alex Vance,6,8500.0,0.15,43350.0,12707.13,30642.87
SO-2024801,2026-03-12,CUST-1001,Database Enterprise,North America,Sarah Connor,12,8500.0,0.0,102000.0,35501.94,66498.06
SO-2024802,2026-03-13,CUST-1002,Security Suite,EMEA,Marcus Fenix,11,3200.0,0.0,35200.0,14393.4,20806.6
SO-2024803,2026-03-14,CUST-1003,Developer Tools,APAC,Marcus Fenix,13,750.0,0.0,9750.0,2784.68,6965.32
SO-2024804,2026-03-15,CUST-1004,AI Copilot Seats,North America,Alex Vance,4,1200.0,0.05,4560.0,1462.87,3097.13
SO-2024805,2026-03-16,CUST-1005,AI Copilot Seats,APAC,Alex Vance,2,1200.0,0.0,2400.0,741.73,1658.27
SO-2024806,2026-03-17,CUST-1006,Database Enterprise,APAC,Alex Vance,14,8500.0,0.05,113050.0,35423.15,77626.85
SO-2024807,2026-03-18,CUST-1007,Database Enterprise,APAC,Gordon Freeman,2,8500.0,0.05,16150.0,6575.97,9574.03
SO-2024808,2026-03-19,CUST-1008,Cloud Infrastructure,APAC,Ellen Ripley,9,4800.0,0.1,38880.0,13434.19,25445.81
SO-2024809,2026-03-20,CUST-1009,Developer Tools,APAC,Gordon Freeman,5,750.0,0.1,3375.0,1165.33,2209.67
SO-2024810,2026-03-21,CUST-1010,Security Suite,North America,Marcus Fenix,4,3200.0,0.0,12800.0,4946.95,7853.05
SO-2024811,2026-03-22,CUST-1011,AI Copilot Seats,EMEA,Sarah Connor,10,1200.0,0.0,12000.0,3619.55,8380.45
SO-2024812,2026-03-23,CUST-1012,Cloud Infrastructure,EMEA,Ellen Ripley,13,4800.0,0.0,62400.0,21728.75,40671.25
SO-2024813,2026-03-24,CUST-1013,Cloud Infrastructure,EMEA,Sarah Connor,1,4800.0,0.0,4800.0,1632.95,3167.05
SO-2024814,2026-03-25,CUST-1014,AI Copilot Seats,EMEA,Marcus Fenix,7,1200.0,0.0,8400.0,3053.97,5346.03
SO-2024815,2026-03-26,CUST-1015,Security Suite,North America,Marcus Fenix,3,3200.0,0.0,9600.0,4031.41,5568.59
SO-2024816,2026-03-27,CUST-1016,Cloud Infrastructure,LATAM,Sarah Connor,6,4800.0,0.0,28800.0,11166.42,17633.58
SO-2024817,2026-03-28,CUST-1017,Cloud Infrastructure,LATAM,Sarah Connor,5,4800.0,0.15,20400.0,6848.3,13551.7
SO-2024818,2026-03-29,CUST-1018,Developer Tools,North America,Sarah Connor,5,750.0,0.05,3562.5,1410.24,2152.26
SO-2024819,2026-03-30,CUST-1019,Security Suite,North America,Marcus Fenix,11,3200.0,0.0,35200.0,10697.25,24502.75
SO-2024820,2026-03-31,CUST-1020,Cloud Infrastructure,APAC,Alex Vance,5,4800.0,0.05,22800.0,6481.24,16318.76
SO-2024821,2026-04-01,CUST-1021,Security Suite,APAC,Sarah Connor,1,3200.0,0.0,3200.0,987.59,2212.41
SO-2024822,2026-04-02,CUST-1022,AI Copilot Seats,APAC,Ellen Ripley,1,1200.0,0.0,1200.0,393.19,806.81
SO-2024823,2026-04-03,CUST-1023,Database Enterprise,EMEA,Marcus Fenix,3,8500.0,0.05,24225.0,8514.63,15710.37
SO-2024824,2026-04-04,CUST-1024,Cloud Infrastructure,APAC,Gordon Freeman,14,4800.0,0.0,67200.0,24603.13,42596.87
SO-2024825,2026-04-05,CUST-1025,Developer Tools,LATAM,Gordon Freeman,12,750.0,0.0,9000.0,3667.36,5332.64
SO-2024826,2026-04-06,CUST-1026,AI Copilot Seats,EMEA,Ellen Ripley,10,1200.0,0.15,10200.0,3584.07,6615.93
SO-2024827,2026-04-07,CUST-1027,Security Suite,APAC,Alex Vance,4,3200.0,0.1,11520.0,4034.06,7485.94
SO-2024828,2026-04-08,CUST-1028,AI Copilot Seats,EMEA,Sarah Connor,5,1200.0,0.05,5700.0,1636.09,4063.91
SO-2024829,2026-04-09,CUST-1029,Cloud Infrastructure,LATAM,Marcus Fenix,2,4800.0,0.05,9120.0,2598.18,6521.82
SO-2024830,2026-04-10,CUST-1030,Security Suite,APAC,Sarah Connor,8,3200.0,0.05,24320.0,8686.19,15633.81
SO-2024831,2026-04-11,CUST-1031,Database Enterprise,LATAM,Marcus Fenix,11,8500.0,0.0,93500.0,31915.76,61584.24
SO-2024832,2026-04-12,CUST-1032,AI Copilot Seats,LATAM,Gordon Freeman,11,1200.0,0.0,13200.0,5246.81,7953.19
SO-2024833,2026-04-13,CUST-1033,Cloud Infrastructure,LATAM,Sarah Connor,14,4800.0,0.0,67200.0,20327.67,46872.33
SO-2024834,2026-04-14,CUST-1034,Developer Tools,APAC,Ellen Ripley,2,750.0,0.0,1500.0,425.24,1074.76
SO-2024835,2026-04-15,CUST-1035,Security Suite,North America,Alex Vance,9,3200.0,0.05,27360.0,9380.8,17979.2
SO-2024836,2026-04-16,CUST-1036,AI Copilot Seats,APAC,Ellen Ripley,2,1200.0,0.0,2400.0,751.79,1648.21
SO-2024837,2026-04-17,CUST-1037,AI Copilot Seats,LATAM,Alex Vance,13,1200.0,0.15,13260.0,3804.9,9455.1
SO-2024838,2026-04-18,CUST-1038,Database Enterprise,APAC,Sarah Connor,9,8500.0,0.15,65025.0,24803.38,40221.62
SO-2024839,2026-04-19,CUST-1039,Database Enterprise,LATAM,Sarah Connor,7,8500.0,0.05,56525.0,16710.09,39814.91
SO-2024840,2026-04-20,CUST-1040,Developer Tools,North America,Alex Vance,8,750.0,0.05,5700.0,2081.44,3618.56
SO-2024841,2026-04-21,CUST-1041,Developer Tools,EMEA,Gordon Freeman,11,750.0,0.1,7425.0,2371.15,5053.85
SO-2024842,2026-04-22,CUST-1042,Cloud Infrastructure,North America,Marcus Fenix,2,4800.0,0.0,9600.0,2921.18,6678.82
SO-2024843,2026-04-23,CUST-1043,Cloud Infrastructure,North America,Ellen Ripley,7,4800.0,0.1,30240.0,10074.92,20165.08
SO-2024844,2026-04-24,CUST-1044,Developer Tools,EMEA,Ellen Ripley,12,750.0,0.0,9000.0,3529.82,5470.18
SO-2024845,2026-04-25,CUST-1045,Developer Tools,APAC,Ellen Ripley,6,750.0,0.1,4050.0,1356.32,2693.68
SO-2024846,2026-04-26,CUST-1046,Security Suite,EMEA,Sarah Connor,4,3200.0,0.0,12800.0,4929.38,7870.62
SO-2024847,2026-04-27,CUST-1047,Database Enterprise,APAC,Ellen Ripley,7,8500.0,0.1,53550.0,15934.77,37615.23
SO-2024848,2026-04-28,CUST-1048,Cloud Infrastructure,APAC,Marcus Fenix,14,4800.0,0.15,57120.0,22173.3,34946.7
SO-2024849,2026-04-29,CUST-1049,Database Enterprise,LATAM,Marcus Fenix,13,8500.0,0.0,110500.0,34605.36,75894.64
SO-2024850,2026-04-30,CUST-1050,Database Enterprise,LATAM,Alex Vance,4,8500.0,0.0,34000.0,12744.39,21255.61
SO-2024851,2026-05-01,CUST-1051,Developer Tools,EMEA,Sarah Connor,2,750.0,0.15,1275.0,457.99,817.01
SO-2024852,2026-05-02,CUST-1052,Security Suite,North America,Marcus Fenix,10,3200.0,0.0,32000.0,13122.57,18877.43
SO-2024853,2026-05-03,CUST-1053,AI Copilot Seats,EMEA,Gordon Freeman,12,1200.0,0.1,12960.0,4331.56,8628.44
SO-2024854,2026-05-04,CUST-1054,Security Suite,APAC,Sarah Connor,7,3200.0,0.05,21280.0,6155.52,15124.48
SO-2024855,2026-05-05,CUST-1055,Security Suite,LATAM,Sarah Connor,8,3200.0,0.0,25600.0,7236.65,18363.35
SO-2024856,2026-05-06,CUST-1056,Database Enterprise,EMEA,Marcus Fenix,2,8500.0,0.0,17000.0,6727.92,10272.08
SO-2024857,2026-05-07,CUST-1057,Security Suite,EMEA,Gordon Freeman,5,3200.0,0.0,16000.0,5655.41,10344.59
SO-2024858,2026-05-08,CUST-1058,Cloud Infrastructure,LATAM,Alex Vance,1,4800.0,0.1,4320.0,1678.47,2641.53
SO-2024859,2026-05-09,CUST-1059,Database Enterprise,LATAM,Marcus Fenix,7,8500.0,0.0,59500.0,18612.77,40887.23
SO-2024860,2026-05-10,CUST-1060,Cloud Infrastructure,LATAM,Gordon Freeman,8,4800.0,0.05,36480.0,11976.81,24503.19
SO-2024861,2026-05-11,CUST-1061,AI Copilot Seats,APAC,Sarah Connor,13,1200.0,0.0,15600.0,4433.75,11166.25
SO-2024862,2026-05-12,CUST-1062,Database Enterprise,LATAM,Gordon Freeman,6,8500.0,0.05,48450.0,20087.8,28362.2
SO-2024863,2026-05-13,CUST-1063,AI Copilot Seats,North America,Sarah Connor,5,1200.0,0.1,5400.0,2016.91,3383.09
SO-2024864,2026-05-14,CUST-1064,Database Enterprise,EMEA,Marcus Fenix,6,8500.0,0.15,43350.0,17801.62,25548.38
SO-2024865,2026-05-15,CUST-1065,Developer Tools,LATAM,Marcus Fenix,2,750.0,0.0,1500.0,475.75,1024.25
SO-2024866,2026-05-16,CUST-1066,Security Suite,LATAM,Ellen Ripley,1,3200.0,0.1,2880.0,1052.94,1827.06
SO-2024867,2026-05-17,CUST-1067,Developer Tools,APAC,Ellen Ripley,7,750.0,0.1,4725.0,1771.83,2953.17
SO-2024868,2026-05-18,CUST-1068,AI Copilot Seats,APAC,Ellen Ripley,7,1200.0,0.05,7980.0,2589.17,5390.83
SO-2024869,2026-05-19,CUST-1069,Security Suite,EMEA,Marcus Fenix,10,3200.0,0.15,27200.0,10845.6,16354.4
SO-2024870,2026-05-20,CUST-1070,Database Enterprise,North America,Alex Vance,11,8500.0,0.0,93500.0,38578.34,54921.66
SO-2024871,2026-05-21,CUST-1071,Security Suite,EMEA,Marcus Fenix,10,3200.0,0.0,32000.0,12924.15,19075.85
SO-2024872,2026-05-22,CUST-1072,Cloud Infrastructure,LATAM,Gordon Freeman,14,4800.0,0.1,60480.0,23192.23,37287.77
SO-2024873,2026-05-23,CUST-1073,Security Suite,North America,Marcus Fenix,2,3200.0,0.0,6400.0,2040.61,4359.39
SO-2024874,2026-05-24,CUST-1074,Cloud Infrastructure,North America,Marcus Fenix,2,4800.0,0.1,8640.0,2759.84,5880.16
SO-2024875,2026-05-25,CUST-1075,Security Suite,North America,Sarah Connor,1,3200.0,0.1,2880.0,1194.83,1685.17
SO-2024876,2026-05-26,CUST-1076,Cloud Infrastructure,North America,Sarah Connor,10,4800.0,0.0,48000.0,13509.11,34490.89
SO-2024877,2026-05-27,CUST-1077,AI Copilot Seats,EMEA,Sarah Connor,8,1200.0,0.1,8640.0,3285.33,5354.67
SO-2024878,2026-05-28,CUST-1078,Developer Tools,APAC,Marcus Fenix,8,750.0,0.0,6000.0,2273.25,3726.75
SO-2024879,2026-05-29,CUST-1079,Database Enterprise,APAC,Alex Vance,1,8500.0,0.05,8075.0,2964.95,5110.05
SO-2024880,2026-05-30,CUST-1000,Security Suite,LATAM,Gordon Freeman,12,3200.0,0.05,36480.0,15271.08,21208.92
SO-2024881,2026-05-31,CUST-1001,Developer Tools,APAC,Gordon Freeman,11,750.0,0.15,7012.5,2269.69,4742.81
SO-2024882,2026-06-01,CUST-1002,Database Enterprise,APAC,Alex Vance,8,8500.0,0.0,68000.0,22276.53,45723.47
SO-2024883,2026-06-02,CUST-1003,Database Enterprise,APAC,Alex Vance,9,8500.0,0.0,76500.0,22265.44,54234.56
SO-2024884,2026-06-03,CUST-1004,Cloud Infrastructure,APAC,Gordon Freeman,14,4800.0,0.05,63840.0,21832.75,42007.25
SO-2024885,2026-06-04,CUST-1005,AI Copilot Seats,LATAM,Ellen Ripley,4,1200.0,0.05,4560.0,1443.45,3116.55
SO-2024886,2026-06-05,CUST-1006,AI Copilot Seats,EMEA,Sarah Connor,1,1200.0,0.05,1140.0,374.0,766.0
SO-2024887,2026-06-06,CUST-1007,Developer Tools,North America,Sarah Connor,1,750.0,0.0,750.0,297.63,452.37
SO-2024888,2026-06-07,CUST-1008,AI Copilot Seats,APAC,Gordon Freeman,3,1200.0,0.0,3600.0,1479.48,2120.52
SO-2024889,2026-06-08,CUST-1009,Security Suite,EMEA,Alex Vance,14,3200.0,0.0,44800.0,13708.92,31091.08
SO-2024890,2026-06-09,CUST-1010,AI Copilot Seats,APAC,Ellen Ripley,5,1200.0,0.1,5400.0,1793.62,3606.38
SO-2024891,2026-06-10,CUST-1011,Developer Tools,APAC,Gordon Freeman,5,750.0,0.0,3750.0,1537.53,2212.47
SO-2024892,2026-06-11,CUST-1012,AI Copilot Seats,North America,Sarah Connor,9,1200.0,0.0,10800.0,3117.45,7682.55
SO-2024893,2026-06-12,CUST-1013,Security Suite,North America,Marcus Fenix,10,3200.0,0.15,27200.0,7967.71,19232.29
SO-2024894,2026-06-13,CUST-1014,Cloud Infrastructure,North America,Alex Vance,14,4800.0,0.0,67200.0,20347.54,46852.46
SO-2024895,2026-06-14,CUST-1015,Developer Tools,APAC,Marcus Fenix,12,750.0,0.15,7650.0,2779.47,4870.53
SO-2024896,2026-06-15,CUST-1016,Cloud Infrastructure,APAC,Gordon Freeman,2,4800.0,0.05,9120.0,2745.72,6374.28
SO-2024897,2026-06-16,CUST-1017,Cloud Infrastructure,APAC,Sarah Connor,2,4800.0,0.1,8640.0,3590.19,5049.81
SO-2024898,2026-06-17,CUST-1018,Cloud Infrastructure,North America,Ellen Ripley,6,4800.0,0.0,28800.0,9865.15,18934.85
SO-2024899,2026-06-18,CUST-1019,Database Enterprise,LATAM,Marcus Fenix,9,8500.0,0.0,76500.0,26791.26,49708.74
SO-2024900,2026-06-19,CUST-1020,Database Enterprise,EMEA,Ellen Ripley,1,8500.0,0.05,8075.0,2539.85,5535.15
SO-2024901,2026-06-20,CUST-1021,Cloud Infrastructure,LATAM,Sarah Connor,9,4800.0,0.1,38880.0,13449.93,25430.07
SO-2024902,2026-06-21,CUST-1022,Developer Tools,APAC,Marcus Fenix,9,750.0,0.05,6412.5,2389.73,4022.77
SO-2024903,2026-06-22,CUST-1023,Security Suite,APAC,Ellen Ripley,13,3200.0,0.0,41600.0,16022.86,25577.14
SO-2024904,2026-06-23,CUST-1024,Security Suite,LATAM,Ellen Ripley,9,3200.0,0.1,25920.0,9993.24,15926.76
SO-2024905,2026-06-24,CUST-1025,AI Copilot Seats,APAC,Marcus Fenix,5,1200.0,0.1,5400.0,1948.89,3451.11
SO-2024906,2026-06-25,CUST-1026,Developer Tools,EMEA,Sarah Connor,13,750.0,0.05,9262.5,3766.23,5496.27
SO-2024907,2026-06-26,CUST-1027,Database Enterprise,APAC,Ellen Ripley,9,8500.0,0.1,68850.0,27156.99,41693.01
SO-2024908,2026-06-27,CUST-1028,Cloud Infrastructure,EMEA,Gordon Freeman,11,4800.0,0.1,47520.0,18342.09,29177.91
SO-2024909,2026-06-28,CUST-1029,AI Copilot Seats,LATAM,Marcus Fenix,4,1200.0,0.05,4560.0,1312.3,3247.7
SO-2024910,2026-06-29,CUST-1030,Security Suite,LATAM,Alex Vance,2,3200.0,0.0,6400.0,1798.16,4601.84
SO-2024911,2026-06-30,CUST-1031,Database Enterprise,APAC,Alex Vance,13,8500.0,0.0,110500.0,34226.56,76273.44
SO-2024912,2026-07-01,CUST-1032,Database Enterprise,EMEA,Sarah Connor,6,8500.0,0.0,51000.0,19017.56,31982.44
SO-2024913,2026-07-02,CUST-1033,Cloud Infrastructure,APAC,Gordon Freeman,14,4800.0,0.0,67200.0,22684.55,44515.45
SO-2024914,2026-07-03,CUST-1034,Security Suite,North America,Ellen Ripley,4,3200.0,0.0,12800.0,4305.11,8494.89
SO-2024915,2026-07-04,CUST-1035,Developer Tools,North America,Alex Vance,6,750.0,0.0,4500.0,1817.29,2682.71
SO-2024916,2026-07-05,CUST-1036,Database Enterprise,North America,Sarah Connor,3,8500.0,0.0,25500.0,10337.16,15162.84
SO-2024917,2026-07-06,CUST-1037,Cloud Infrastructure,North America,Gordon Freeman,6,4800.0,0.0,28800.0,11729.79,17070.21
SO-2024918,2026-07-07,CUST-1038,Developer Tools,APAC,Gordon Freeman,2,750.0,0.1,1350.0,437.32,912.68
SO-2024919,2026-07-08,CUST-1039,Security Suite,North America,Sarah Connor,2,3200.0,0.15,5440.0,2049.51,3390.49
SO-2024920,2026-07-09,CUST-1040,Database Enterprise,EMEA,Sarah Connor,13,8500.0,0.0,110500.0,35142.17,75357.83
SO-2024921,2026-07-10,CUST-1041,Developer Tools,LATAM,Ellen Ripley,9,750.0,0.15,5737.5,1759.61,3977.89
SO-2024922,2026-07-11,CUST-1042,Developer Tools,LATAM,Sarah Connor,7,750.0,0.05,4987.5,1525.42,3462.08
SO-2024923,2026-07-12,CUST-1043,Developer Tools,North America,Ellen Ripley,3,750.0,0.0,2250.0,737.76,1512.24
SO-2024924,2026-07-13,CUST-1044,Database Enterprise,North America,Ellen Ripley,13,8500.0,0.0,110500.0,37591.44,72908.56
SO-2024925,2026-07-14,CUST-1045,Database Enterprise,North America,Marcus Fenix,11,8500.0,0.05,88825.0,35204.27,53620.73
SO-2024926,2026-07-15,CUST-1046,AI Copilot Seats,APAC,Gordon Freeman,1,1200.0,0.1,1080.0,320.53,759.47
SO-2024927,2026-07-16,CUST-1047,Security Suite,LATAM,Gordon Freeman,8,3200.0,0.05,24320.0,9311.88,15008.12
SO-2024928,2026-07-17,CUST-1048,Cloud Infrastructure,North America,Gordon Freeman,14,4800.0,0.0,67200.0,23815.93,43384.07
SO-2024929,2026-07-18,CUST-1049,Developer Tools,EMEA,Marcus Fenix,6,750.0,0.0,4500.0,1441.41,3058.59
SO-2024930,2026-07-19,CUST-1050,AI Copilot Seats,North America,Ellen Ripley,7,1200.0,0.0,8400.0,2931.56,5468.44
SO-2024931,2026-07-20,CUST-1051,Cloud Infrastructure,LATAM,Ellen Ripley,9,4800.0,0.0,43200.0,13910.05,29289.95
SO-2024932,2026-07-21,CUST-1052,AI Copilot Seats,North America,Sarah Connor,5,1200.0,0.0,6000.0,2180.71,3819.29
SO-2024933,2026-07-22,CUST-1053,Database Enterprise,LATAM,Marcus Fenix,1,8500.0,0.0,8500.0,2896.27,5603.73
SO-2024934,2026-07-23,CUST-1054,Developer Tools,North America,Sarah Connor,12,750.0,0.1,8100.0,2454.44,5645.56
SO-2024935,2026-07-24,CUST-1055,Cloud Infrastructure,EMEA,Marcus Fenix,10,4800.0,0.15,40800.0,12089.92,28710.08
SO-2024936,2026-07-25,CUST-1056,Cloud Infrastructure,North America,Sarah Connor,7,4800.0,0.0,33600.0,11979.66,21620.34
SO-2024937,2026-07-26,CUST-1057,Cloud Infrastructure,EMEA,Alex Vance,5,4800.0,0.15,20400.0,8289.29,12110.71
SO-2024938,2026-07-27,CUST-1058,Cloud Infrastructure,EMEA,Gordon Freeman,3,4800.0,0.0,14400.0,4725.42,9674.58
SO-2024939,2026-07-28,CUST-1059,Cloud Infrastructure,North America,Gordon Freeman,12,4800.0,0.0,57600.0,22038.91,35561.09
SO-2024940,2026-07-29,CUST-1060,AI Copilot Seats,EMEA,Ellen Ripley,13,1200.0,0.0,15600.0,5806.52,9793.48
SO-2024941,2026-07-30,CUST-1061,Developer Tools,APAC,Alex Vance,9,750.0,0.05,6412.5,2631.8,3780.7
SO-2024942,2026-07-31,CUST-1062,Database Enterprise,North America,Gordon Freeman,1,8500.0,0.15,7225.0,2853.42,4371.58
SO-2024943,2026-08-01,CUST-1063,Database Enterprise,North America,Ellen Ripley,1,8500.0,0.05,8075.0,2901.55,5173.45
SO-2024944,2026-08-02,CUST-1064,Database Enterprise,EMEA,Alex Vance,1,8500.0,0.0,8500.0,3161.87,5338.13
SO-2024945,2026-08-03,CUST-1065,Database Enterprise,EMEA,Gordon Freeman,3,8500.0,0.05,24225.0,9829.88,14395.12
SO-2024946,2026-08-04,CUST-1066,AI Copilot Seats,North America,Sarah Connor,12,1200.0,0.0,14400.0,4837.43,9562.57
SO-2024947,2026-08-05,CUST-1067,Security Suite,APAC,Marcus Fenix,6,3200.0,0.1,17280.0,5628.98,11651.02
SO-2024948,2026-08-06,CUST-1068,Developer Tools,EMEA,Alex Vance,10,750.0,0.05,7125.0,2005.78,5119.22
SO-2024949,2026-08-07,CUST-1069,Cloud Infrastructure,EMEA,Ellen Ripley,11,4800.0,0.0,52800.0,20893.87,31906.13
SO-2024950,2026-08-08,CUST-1070,Security Suite,LATAM,Alex Vance,3,3200.0,0.05,9120.0,3576.29,5543.71
SO-2024951,2026-08-09,CUST-1071,Database Enterprise,APAC,Ellen Ripley,8,8500.0,0.05,64600.0,19032.69,45567.31
SO-2024952,2026-08-10,CUST-1072,Security Suite,APAC,Alex Vance,14,3200.0,0.0,44800.0,16162.05,28637.95
SO-2024953,2026-08-11,CUST-1073,Developer Tools,North America,Ellen Ripley,14,750.0,0.05,9975.0,3440.95,6534.05
SO-2024954,2026-08-12,CUST-1074,Cloud Infrastructure,APAC,Gordon Freeman,10,4800.0,0.0,48000.0,14237.73,33762.27
SO-2024955,2026-08-13,CUST-1075,Cloud Infrastructure,North America,Sarah Connor,2,4800.0,0.05,9120.0,3805.59,5314.41
SO-2024956,2026-08-14,CUST-1076,Developer Tools,LATAM,Gordon Freeman,14,750.0,0.1,9450.0,2930.04,6519.96
SO-2024957,2026-08-15,CUST-1077,Developer Tools,APAC,Sarah Connor,9,750.0,0.1,6075.0,1758.18,4316.82
SO-2024958,2026-08-16,CUST-1078,Database Enterprise,EMEA,Gordon Freeman,3,8500.0,0.05,24225.0,8800.42,15424.58
SO-2024959,2026-08-17,CUST-1079,Cloud Infrastructure,LATAM,Gordon Freeman,5,4800.0,0.05,22800.0,8742.46,14057.54
SO-2024960,2026-08-18,CUST-1000,Security Suite,North America,Alex Vance,10,3200.0,0.0,32000.0,9105.35,22894.65
SO-2024961,2026-08-19,CUST-1001,AI Copilot Seats,LATAM,Marcus Fenix,8,1200.0,0.1,8640.0,3215.98,5424.02
SO-2024962,2026-08-20,CUST-1002,AI Copilot Seats,North America,Ellen Ripley,2,1200.0,0.0,2400.0,850.85,1549.15
SO-2024963,2026-08-21,CUST-1003,Developer Tools,LATAM,Ellen Ripley,6,750.0,0.0,4500.0,1325.06,3174.94
SO-2024964,2026-08-22,CUST-1004,Database Enterprise,North America,Ellen Ripley,12,8500.0,0.0,102000.0,31023.64,70976.36
SO-2024965,2026-08-23,CUST-1005,AI Copilot Seats,APAC,Sarah Connor,5,1200.0,0.0,6000.0,2157.1,3842.9
SO-2024966,2026-08-24,CUST-1006,Cloud Infrastructure,EMEA,Ellen Ripley,13,4800.0,0.05,59280.0,19057.93,40222.07
SO-2024967,2026-08-25,CUST-1007,Developer Tools,North America,Ellen Ripley,10,750.0,0.0,7500.0,3085.23,4414.77
SO-2024968,2026-08-26,CUST-1008,Security Suite,LATAM,Alex Vance,9,3200.0,0.05,27360.0,10796.9,16563.1
SO-2024969,2026-08-27,CUST-1009,Developer Tools,North America,Gordon Freeman,12,750.0,0.0,9000.0,3759.29,5240.71
SO-2024970,2026-08-28,CUST-1010,Security Suite,North America,Ellen Ripley,5,3200.0,0.0,16000.0,5061.66,10938.34
SO-2024971,2026-08-29,CUST-1011,Developer Tools,North America,Marcus Fenix,2,750.0,0.05,1425.0,592.46,832.54
SO-2024972,2026-08-30,CUST-1012,Developer Tools,LATAM,Ellen Ripley,5,750.0,0.0,3750.0,1276.4,2473.6
SO-2024973,2026-08-31,CUST-1013,Developer Tools,EMEA,Sarah Connor,12,750.0,0.0,9000.0,2957.87,6042.13
SO-2024974,2026-09-01,CUST-1014,Security Suite,APAC,Sarah Connor,4,3200.0,0.05,12160.0,3490.52,8669.48
SO-2024975,2026-09-02,CUST-1015,Security Suite,EMEA,Sarah Connor,11,3200.0,0.0,35200.0,10116.03,25083.97
SO-2024976,2026-09-03,CUST-1016,Developer Tools,North America,Ellen Ripley,7,750.0,0.1,4725.0,1780.77,2944.23
SO-2024977,2026-09-04,CUST-1017,AI Copilot Seats,LATAM,Alex Vance,6,1200.0,0.0,7200.0,2477.59,4722.41
SO-2024978,2026-09-05,CUST-1018,Database Enterprise,EMEA,Marcus Fenix,14,8500.0,0.0,119000.0,37093.85,81906.15
SO-2024979,2026-09-06,CUST-1019,Database Enterprise,North America,Ellen Ripley,2,8500.0,0.05,16150.0,5910.19,10239.81
SO-2024980,2026-09-07,CUST-1020,Database Enterprise,APAC,Alex Vance,12,8500.0,0.0,102000.0,32170.81,69829.19
SO-2024981,2026-09-08,CUST-1021,Security Suite,APAC,Alex Vance,11,3200.0,0.0,35200.0,12702.57,22497.43
SO-2024982,2026-09-09,CUST-1022,Security Suite,APAC,Ellen Ripley,11,3200.0,0.0,35200.0,11626.18,23573.82
SO-2024983,2026-09-10,CUST-1023,AI Copilot Seats,North America,Ellen Ripley,13,1200.0,0.0,15600.0,6166.64,9433.36
SO-2024984,2026-09-11,CUST-1024,Database Enterprise,LATAM,Alex Vance,5,8500.0,0.1,38250.0,15104.83,23145.17
SO-2024985,2026-09-12,CUST-1025,Database Enterprise,EMEA,Alex Vance,7,8500.0,0.0,59500.0,20636.33,38863.67
SO-2024986,2026-09-13,CUST-1026,Developer Tools,APAC,Alex Vance,11,750.0,0.1,7425.0,2443.68,4981.32
SO-2024987,2026-09-14,CUST-1027,Security Suite,North America,Ellen Ripley,7,3200.0,0.1,20160.0,6668.09,13491.91
SO-2024988,2026-09-15,CUST-1028,Database Enterprise,North America,Alex Vance,5,8500.0,0.0,42500.0,16694.0,25806.0
SO-2024989,2026-09-16,CUST-1029,AI Copilot Seats,EMEA,Sarah Connor,12,1200.0,0.15,12240.0,3989.57,8250.43
SO-2024990,2026-09-17,CUST-1030,AI Copilot Seats,APAC,Ellen Ripley,9,1200.0,0.0,10800.0,3340.1,7459.9
SO-2024991,2026-09-18,CUST-1031,Database Enterprise,North America,Sarah Connor,4,8500.0,0.15,28900.0,8434.65,20465.35
SO-2024992,2026-09-19,CUST-1032,Security Suite,EMEA,Gordon Freeman,11,3200.0,0.0,35200.0,12155.86,23044.14
SO-2024993,2026-09-20,CUST-1033,AI Copilot Seats,LATAM,Ellen Ripley,3,1200.0,0.05,3420.0,1188.44,2231.56
SO-2024994,2026-09-21,CUST-1034,Developer Tools,LATAM,Gordon Freeman,4,750.0,0.0,3000.0,1193.18,1806.82
SO-2024995,2026-09-22,CUST-1035,AI Copilot Seats,LATAM,Alex Vance,5,1200.0,0.0,6000.0,1865.84,4134.16
SO-2024996,2026-09-23,CUST-1036,Cloud Infrastructure,APAC,Alex Vance,13,4800.0,0.05,59280.0,19760.32,39519.68
SO-2024997,2026-09-24,CUST-1037,Cloud Infrastructure,EMEA,Marcus Fenix,6,4800.0,0.05,27360.0,10757.32,16602.68
SO-2024998,2026-09-25,CUST-1038,Security Suite,EMEA,Alex Vance,3,3200.0,0.0,9600.0,3794.95,5805.05
SO-2024999,2026-09-26,CUST-1039,Database Enterprise,North America,Gordon Freeman,2,8500.0,0.0,17000.0,5675.37,11324.63
SO-2025000,2026-09-27,CUST-1040,Security Suite,North America,Alex Vance,14,3200.0,0.05,42560.0,14652.44,27907.56
SO-2025001,2026-09-28,CUST-1041,Security Suite,North America,Ellen Ripley,13,3200.0,0.05,39520.0,12743.62,26776.38
SO-2025002,2026-09-29,CUST-1042,Security Suite,EMEA,Alex Vance,4,3200.0,0.15,10880.0,4466.87,6413.13
SO-2025003,2026-09-30,CUST-1043,Security Suite,North America,Marcus Fenix,5,3200.0,0.1,14400.0,4271.19,10128.81
SO-2025004,2026-10-01,CUST-1044,Developer Tools,EMEA,Alex Vance,4,750.0,0.15,2550.0,1047.35,1502.65
SO-2025005,2026-10-02,CUST-1045,Developer Tools,EMEA,Gordon Freeman,14,750.0,0.05,9975.0,3748.02,6226.98
SO-2025006,2026-10-03,CUST-1046,AI Copilot Seats,LATAM,Gordon Freeman,11,1200.0,0.0,13200.0,4678.35,8521.65
SO-2025007,2026-10-04,CUST-1047,Cloud Infrastructure,North America,Alex Vance,13,4800.0,0.0,62400.0,17757.31,44642.69
SO-2025008,2026-10-05,CUST-1048,Security Suite,LATAM,Gordon Freeman,12,3200.0,0.1,34560.0,11977.92,22582.08
SO-2025009,2026-10-06,CUST-1049,AI Copilot Seats,APAC,Gordon Freeman,3,1200.0,0.05,3420.0,1152.83,2267.17
SO-2025010,2026-10-07,CUST-1050,Cloud Infrastructure,APAC,Marcus Fenix,8,4800.0,0.0,38400.0,11618.71,26781.29
SO-2025011,2026-10-08,CUST-1051,Database Enterprise,APAC,Ellen Ripley,10,8500.0,0.0,85000.0,31611.27,53388.73
SO-2025012,2026-10-09,CUST-1052,Developer Tools,EMEA,Marcus Fenix,4,750.0,0.15,2550.0,1060.7,1489.3
SO-2025013,2026-10-10,CUST-1053,Cloud Infrastructure,EMEA,Sarah Connor,14,4800.0,0.05,63840.0,22899.82,40940.18
SO-2025014,2026-10-11,CUST-1054,Database Enterprise,EMEA,Marcus Fenix,2,8500.0,0.0,17000.0,6461.11,10538.89
SO-2025015,2026-10-12,CUST-1055,Cloud Infrastructure,North America,Alex Vance,2,4800.0,0.0,9600.0,2780.0,6820.0
SO-2025016,2026-10-13,CUST-1056,Developer Tools,LATAM,Ellen Ripley,1,750.0,0.0,750.0,253.86,496.14
SO-2025017,2026-10-14,CUST-1057,Developer Tools,EMEA,Alex Vance,13,750.0,0.0,9750.0,2888.83,6861.17
SO-2025018,2026-10-15,CUST-1058,AI Copilot Seats,LATAM,Sarah Connor,4,1200.0,0.0,4800.0,1755.8,3044.2
SO-2025019,2026-10-16,CUST-1059,Security Suite,LATAM,Ellen Ripley,10,3200.0,0.0,32000.0,13164.4,18835.6
SO-2025020,2026-10-17,CUST-1060,Cloud Infrastructure,LATAM,Gordon Freeman,9,4800.0,0.1,38880.0,14488.59,24391.41
SO-2025021,2026-10-18,CUST-1061,Cloud Infrastructure,North America,Marcus Fenix,14,4800.0,0.0,67200.0,19538.56,47661.44
SO-2025022,2026-10-19,CUST-1062,Database Enterprise,North America,Alex Vance,11,8500.0,0.1,84150.0,27740.32,56409.68
SO-2025023,2026-10-20,CUST-1063,Developer Tools,APAC,Sarah Connor,7,750.0,0.1,4725.0,1687.26,3037.74
SO-2025024,2026-10-21,CUST-1064,Cloud Infrastructure,APAC,Gordon Freeman,12,4800.0,0.0,57600.0,19379.47,38220.53
SO-2025025,2026-10-22,CUST-1065,Developer Tools,LATAM,Marcus Fenix,10,750.0,0.05,7125.0,2826.56,4298.44
SO-2025026,2026-10-23,CUST-1066,Cloud Infrastructure,APAC,Gordon Freeman,7,4800.0,0.0,33600.0,13240.21,20359.79
SO-2025027,2026-10-24,CUST-1067,AI Copilot Seats,LATAM,Marcus Fenix,13,1200.0,0.1,14040.0,5133.82,8906.18
SO-2025028,2026-10-25,CUST-1068,Security Suite,North America,Ellen Ripley,7,3200.0,0.0,22400.0,7443.16,14956.84
SO-2025029,2026-10-26,CUST-1069,Cloud Infrastructure,North America,Gordon Freeman,8,4800.0,0.05,36480.0,11518.45,24961.55
SO-2025030,2026-10-27,CUST-1070,Developer Tools,North America,Gordon Freeman,1,750.0,0.05,712.5,210.06,502.44
SO-2025031,2026-10-28,CUST-1071,AI Copilot Seats,EMEA,Gordon Freeman,10,1200.0,0.0,12000.0,3956.23,8043.77
SO-2025032,2026-10-29,CUST-1072,Cloud Infrastructure,LATAM,Ellen Ripley,13,4800.0,0.0,62400.0,21081.48,41318.52
SO-2025033,2026-10-30,CUST-1073,Database Enterprise,North America,Sarah Connor,10,8500.0,0.05,80750.0,30250.18,50499.82
SO-2025034,2026-10-31,CUST-1074,Security Suite,LATAM,Marcus Fenix,8,3200.0,0.05,24320.0,9050.5,15269.5
SO-2025035,2026-11-01,CUST-1075,Cloud Infrastructure,APAC,Gordon Freeman,4,4800.0,0.0,19200.0,5564.45,13635.55
SO-2025036,2026-11-02,CUST-1076,AI Copilot Seats,APAC,Ellen Ripley,4,1200.0,0.05,4560.0,1529.13,3030.87
SO-2025037,2026-11-03,CUST-1077,Database Enterprise,North America,Sarah Connor,4,8500.0,0.0,34000.0,10385.27,23614.73
SO-2025038,2026-11-04,CUST-1078,AI Copilot Seats,LATAM,Marcus Fenix,6,1200.0,0.05,6840.0,2065.36,4774.64
SO-2025039,2026-11-05,CUST-1079,AI Copilot Seats,North America,Ellen Ripley,7,1200.0,0.0,8400.0,3324.91,5075.09
SO-2025040,2026-11-06,CUST-1000,Database Enterprise,APAC,Marcus Fenix,6,8500.0,0.1,45900.0,13121.35,32778.65
SO-2025041,2026-11-07,CUST-1001,AI Copilot Seats,North America,Gordon Freeman,1,1200.0,0.0,1200.0,406.42,793.58
SO-2025042,2026-11-08,CUST-1002,Database Enterprise,LATAM,Sarah Connor,12,8500.0,0.0,102000.0,30961.95,71038.05
SO-2025043,2026-11-09,CUST-1003,Cloud Infrastructure,APAC,Ellen Ripley,8,4800.0,0.0,38400.0,15479.28,22920.72
SO-2025044,2026-11-10,CUST-1004,Database Enterprise,EMEA,Sarah Connor,13,8500.0,0.0,110500.0,39557.42,70942.58
SO-2025045,2026-11-11,CUST-1005,Database Enterprise,APAC,Gordon Freeman,10,8500.0,0.05,80750.0,25225.76,55524.24
SO-2025046,2026-11-12,CUST-1006,Security Suite,EMEA,Sarah Connor,11,3200.0,0.0,35200.0,12331.96,22868.04
SO-2025047,2026-11-13,CUST-1007,Database Enterprise,North America,Sarah Connor,13,8500.0,0.1,99450.0,38030.48,61419.52
SO-2025048,2026-11-14,CUST-1008,Database Enterprise,North America,Alex Vance,7,8500.0,0.0,59500.0,24641.12,34858.88
SO-2025049,2026-11-15,CUST-1009,Cloud Infrastructure,LATAM,Sarah Connor,6,4800.0,0.0,28800.0,8952.84,19847.16
SO-2025050,2026-11-16,CUST-1010,Security Suite,EMEA,Marcus Fenix,6,3200.0,0.0,19200.0,7758.06,11441.94
SO-2025051,2026-11-17,CUST-1011,Developer Tools,North America,Ellen Ripley,5,750.0,0.0,3750.0,1540.51,2209.49
SO-2025052,2026-11-18,CUST-1012,Cloud Infrastructure,EMEA,Alex Vance,6,4800.0,0.0,28800.0,11759.01,17040.99
SO-2025053,2026-11-19,CUST-1013,Cloud Infrastructure,North America,Ellen Ripley,12,4800.0,0.0,57600.0,21251.98,36348.02
SO-2025054,2026-11-20,CUST-1014,Developer Tools,APAC,Ellen Ripley,9,750.0,0.0,6750.0,2485.18,4264.82
SO-2025055,2026-11-21,CUST-1015,Database Enterprise,North America,Gordon Freeman,10,8500.0,0.0,85000.0,28598.21,56401.79
SO-2025056,2026-11-22,CUST-1016,AI Copilot Seats,LATAM,Gordon Freeman,9,1200.0,0.05,10260.0,3953.54,6306.46
SO-2025057,2026-11-23,CUST-1017,Security Suite,APAC,Alex Vance,10,3200.0,0.05,30400.0,10773.19,19626.81
SO-2025058,2026-11-24,CUST-1018,AI Copilot Seats,LATAM,Gordon Freeman,8,1200.0,0.0,9600.0,3598.48,6001.52
SO-2025059,2026-11-25,CUST-1019,Developer Tools,APAC,Gordon Freeman,10,750.0,0.0,7500.0,2549.88,4950.12
SO-2025060,2026-11-26,CUST-1020,Cloud Infrastructure,EMEA,Gordon Freeman,9,4800.0,0.15,36720.0,14042.08,22677.92
SO-2025061,2026-11-27,CUST-1021,Cloud Infrastructure,LATAM,Ellen Ripley,13,4800.0,0.05,59280.0,23440.85,35839.15
SO-2025062,2026-11-28,CUST-1022,Security Suite,North America,Alex Vance,10,3200.0,0.05,30400.0,9135.23,21264.77
SO-2025063,2026-11-29,CUST-1023,Cloud Infrastructure,EMEA,Ellen Ripley,8,4800.0,0.0,38400.0,15229.83,23170.17
SO-2025064,2026-11-30,CUST-1024,Cloud Infrastructure,North America,Marcus Fenix,8,4800.0,0.1,34560.0,12290.97,22269.03
SO-2025065,2026-12-01,CUST-1025,Security Suite,APAC,Ellen Ripley,1,3200.0,0.1,2880.0,1146.97,1733.03
SO-2025066,2026-12-02,CUST-1026,Security Suite,APAC,Marcus Fenix,10,3200.0,0.05,30400.0,10347.62,20052.38
SO-2025067,2026-12-03,CUST-1027,Developer Tools,North America,Sarah Connor,11,750.0,0.15,7012.5,2335.62,4676.88
SO-2025068,2026-12-04,CUST-1028,Cloud Infrastructure,North America,Sarah Connor,5,4800.0,0.0,24000.0,9794.6,14205.4
SO-2025069,2026-12-05,CUST-1029,Cloud Infrastructure,EMEA,Marcus Fenix,4,4800.0,0.0,19200.0,6051.14,13148.86
SO-2025070,2026-12-06,CUST-1030,Developer Tools,North America,Marcus Fenix,2,750.0,0.1,1350.0,537.56,812.44
SO-2025071,2026-12-07,CUST-1031,Database Enterprise,LATAM,Ellen Ripley,8,8500.0,0.1,61200.0,21283.09,39916.91
SO-2025072,2026-12-08,CUST-1032,Database Enterprise,LATAM,Marcus Fenix,3,8500.0,0.0,25500.0,8975.32,16524.68
SO-2025073,2026-12-09,CUST-1033,Database Enterprise,North America,Alex Vance,4,8500.0,0.0,34000.0,10988.31,23011.69
SO-2025074,2026-12-10,CUST-1034,Developer Tools,LATAM,Sarah Connor,12,750.0,0.0,9000.0,3242.03,5757.97
SO-2025075,2026-12-11,CUST-1035,Cloud Infrastructure,North America,Sarah Connor,7,4800.0,0.0,33600.0,10937.79,22662.21
SO-2025076,2026-12-12,CUST-1036,Developer Tools,EMEA,Marcus Fenix,10,750.0,0.1,6750.0,1927.11,4822.89
SO-2025077,2026-12-13,CUST-1037,Developer Tools,LATAM,Gordon Freeman,9,750.0,0.05,6412.5,2039.69,4372.81
SO-2025078,2026-12-14,CUST-1038,Database Enterprise,LATAM,Gordon Freeman,2,8500.0,0.0,17000.0,4775.18,12224.82
SO-2025079,2026-12-15,CUST-1039,AI Copilot Seats,North America,Marcus Fenix,3,1200.0,0.0,3600.0,1501.09,2098.91
SO-2025080,2026-12-16,CUST-1040,Cloud Infrastructure,LATAM,Alex Vance,4,4800.0,0.0,19200.0,7971.93,11228.07
SO-2025081,2026-12-17,CUST-1041,Database Enterprise,APAC,Gordon Freeman,10,8500.0,0.0,85000.0,28502.35,56497.65
SO-2025082,2026-12-18,CUST-1042,AI Copilot Seats,EMEA,Marcus Fenix,1,1200.0,0.05,1140.0,435.45,704.55
SO-2025083,2026-12-19,CUST-1043,AI Copilot Seats,EMEA,Alex Vance,7,1200.0,0.15,7140.0,2344.87,4795.13
SO-2025084,2026-12-20,CUST-1044,Security Suite,LATAM,Alex Vance,2,3200.0,0.1,5760.0,2153.97,3606.03
SO-2025085,2026-12-21,CUST-1045,Cloud Infrastructure,LATAM,Ellen Ripley,5,4800.0,0.0,24000.0,9426.24,14573.76
SO-2025086,2026-12-22,CUST-1046,AI Copilot Seats,APAC,Alex Vance,1,1200.0,0.1,1080.0,445.55,634.45
SO-2025087,2026-12-23,CUST-1047,Database Enterprise,APAC,Gordon Freeman,3,8500.0,0.1,22950.0,7711.88,15238.12
SO-2025088,2026-12-24,CUST-1048,Security Suite,LATAM,Gordon Freeman,12,3200.0,0.1,34560.0,13466.71,21093.29
SO-2025089,2026-12-25,CUST-1049,Cloud Infrastructure,LATAM,Marcus Fenix,2,4800.0,0.0,9600.0,3045.41,6554.59
SO-2025090,2026-12-26,CUST-1050,Developer Tools,APAC,Marcus Fenix,1,750.0,0.0,750.0,313.98,436.02
SO-2025091,2026-12-27,CUST-1051,Database Enterprise,North America,Alex Vance,7,8500.0,0.0,59500.0,16874.66,42625.34
SO-2025092,2026-12-28,CUST-1052,AI Copilot Seats,APAC,Sarah Connor,5,1200.0,0.0,6000.0,2186.96,3813.04
SO-2025093,2026-12-29,CUST-1053,AI Copilot Seats,North America,Ellen Ripley,1,1200.0,0.0,1200.0,446.8,753.2
SO-2025094,2026-12-30,CUST-1054,Database Enterprise,EMEA,Sarah Connor,6,8500.0,0.0,51000.0,19192.65,31807.35
SO-2025095,2026-12-31,CUST-1055,AI Copilot Seats,EMEA,Alex Vance,5,1200.0,0.0,6000.0,1781.13,4218.87
SO-2025096,2027-01-01,CUST-1056,Security Suite,APAC,Alex Vance,3,3200.0,0.05,9120.0,3751.91,5368.09
SO-2025097,2027-01-02,CUST-1057,Cloud Infrastructure,North America,Sarah Connor,12,4800.0,0.0,57600.0,17589.06,40010.94
SO-2025098,2027-01-03,CUST-1058,Security Suite,APAC,Ellen Ripley,7,3200.0,0.0,22400.0,8224.95,14175.05
SO-2025099,2027-01-04,CUST-1059,AI Copilot Seats,APAC,Sarah Connor,11,1200.0,0.15,11220.0,3491.38,7728.62
SO-2025100,2027-01-05,CUST-1060,Developer Tools,North America,Marcus Fenix,10,750.0,0.15,6375.0,2059.19,4315.81
SO-2025101,2027-01-06,CUST-1061,Cloud Infrastructure,APAC,Gordon Freeman,9,4800.0,0.1,38880.0,13860.88,25019.12
SO-2025102,2027-01-07,CUST-1062,Cloud Infrastructure,EMEA,Marcus Fenix,14,4800.0,0.15,57120.0,19329.81,37790.19
SO-2025103,2027-01-08,CUST-1063,Database Enterprise,LATAM,Gordon Freeman,13,8500.0,0.05,104975.0,31747.76,73227.24
SO-2025104,2027-01-09,CUST-1064,Database Enterprise,LATAM,Alex Vance,13,8500.0,0.15,93925.0,28546.73,65378.27
SO-2025105,2027-01-10,CUST-1065,Developer Tools,APAC,Ellen Ripley,9,750.0,0.0,6750.0,2285.15,4464.85
SO-2025106,2027-01-11,CUST-1066,Cloud Infrastructure,North America,Sarah Connor,14,4800.0,0.0,67200.0,25940.52,41259.48
SO-2025107,2027-01-12,CUST-1067,Developer Tools,North America,Ellen Ripley,9,750.0,0.0,6750.0,2738.58,4011.42
SO-2025108,2027-01-13,CUST-1068,Database Enterprise,EMEA,Sarah Connor,2,8500.0,0.0,17000.0,4960.22,12039.78
SO-2025109,2027-01-14,CUST-1069,Database Enterprise,North America,Marcus Fenix,3,8500.0,0.0,25500.0,8543.38,16956.62
SO-2025110,2027-01-15,CUST-1070,Cloud Infrastructure,North America,Marcus Fenix,7,4800.0,0.05,31920.0,9385.58,22534.42
SO-2025111,2027-01-16,CUST-1071,Security Suite,EMEA,Sarah Connor,5,3200.0,0.1,14400.0,4065.45,10334.55
SO-2025112,2027-01-17,CUST-1072,AI Copilot Seats,APAC,Ellen Ripley,2,1200.0,0.05,2280.0,849.62,1430.38
SO-2025113,2027-01-18,CUST-1073,Database Enterprise,LATAM,Sarah Connor,3,8500.0,0.0,25500.0,9290.74,16209.26
SO-2025114,2027-01-19,CUST-1074,Database Enterprise,EMEA,Alex Vance,10,8500.0,0.1,76500.0,23165.93,53334.07
SO-2025115,2027-01-20,CUST-1075,Security Suite,APAC,Marcus Fenix,6,3200.0,0.05,18240.0,5704.26,12535.74
SO-2025116,2027-01-21,CUST-1076,Security Suite,EMEA,Alex Vance,13,3200.0,0.0,41600.0,11786.07,29813.93
SO-2025117,2027-01-22,CUST-1077,Developer Tools,APAC,Marcus Fenix,7,750.0,0.05,4987.5,1979.5,3008.0
SO-2025118,2027-01-23,CUST-1078,Developer Tools,EMEA,Marcus Fenix,9,750.0,0.0,6750.0,2811.08,3938.92
SO-2025119,2027-01-24,CUST-1079,AI Copilot Seats,APAC,Gordon Freeman,1,1200.0,0.0,1200.0,358.76,841.24
SO-2025120,2027-01-25,CUST-1000,AI Copilot Seats,EMEA,Alex Vance,11,1200.0,0.15,11220.0,3505.2,7714.8
SO-2025121,2027-01-26,CUST-1001,Cloud Infrastructure,APAC,Alex Vance,7,4800.0,0.0,33600.0,13493.0,20107.0
SO-2025122,2027-01-27,CUST-1002,Developer Tools,EMEA,Gordon Freeman,8,750.0,0.0,6000.0,2458.23,3541.77
SO-2025123,2027-01-28,CUST-1003,Database Enterprise,LATAM,Ellen Ripley,12,8500.0,0.1,91800.0,31097.05,60702.95
SO-2025124,2027-01-29,CUST-1004,Developer Tools,LATAM,Alex Vance,14,750.0,0.05,9975.0,2863.69,7111.31
SO-2025125,2027-01-30,CUST-1005,Database Enterprise,North America,Sarah Connor,3,8500.0,0.0,25500.0,7280.63,18219.37
SO-2025126,2027-01-31,CUST-1006,Security Suite,APAC,Gordon Freeman,4,3200.0,0.0,12800.0,4612.52,8187.48
SO-2025127,2027-02-01,CUST-1007,Developer Tools,EMEA,Alex Vance,10,750.0,0.0,7500.0,2512.54,4987.46
SO-2025128,2027-02-02,CUST-1008,Security Suite,APAC,Ellen Ripley,6,3200.0,0.05,18240.0,5180.37,13059.63
SO-2025129,2027-02-03,CUST-1009,AI Copilot Seats,LATAM,Alex Vance,10,1200.0,0.0,12000.0,4339.86,7660.14
SO-2025130,2027-02-04,CUST-1010,AI Copilot Seats,APAC,Marcus Fenix,7,1200.0,0.0,8400.0,2365.29,6034.71
SO-2025131,2027-02-05,CUST-1011,Cloud Infrastructure,EMEA,Sarah Connor,13,4800.0,0.15,53040.0,20697.91,32342.09
SO-2025132,2027-02-06,CUST-1012,Developer Tools,APAC,Gordon Freeman,14,750.0,0.05,9975.0,3220.93,6754.07
SO-2025133,2027-02-07,CUST-1013,Security Suite,EMEA,Marcus Fenix,4,3200.0,0.0,12800.0,3656.14,9143.86
SO-2025134,2027-02-08,CUST-1014,Database Enterprise,LATAM,Ellen Ripley,8,8500.0,0.05,64600.0,23409.06,41190.94
SO-2025135,2027-02-09,CUST-1015,AI Copilot Seats,LATAM,Marcus Fenix,5,1200.0,0.05,5700.0,1913.35,3786.65
SO-2025136,2027-02-10,CUST-1016,AI Copilot Seats,LATAM,Marcus Fenix,1,1200.0,0.0,1200.0,499.6,700.4
SO-2025137,2027-02-11,CUST-1017,Database Enterprise,North America,Ellen Ripley,4,8500.0,0.0,34000.0,12110.39,21889.61
SO-2025138,2027-02-12,CUST-1018,Security Suite,LATAM,Marcus Fenix,3,3200.0,0.1,8640.0,2752.13,5887.87
SO-2025139,2027-02-13,CUST-1019,Security Suite,APAC,Gordon Freeman,9,3200.0,0.0,28800.0,10924.46,17875.54
SO-2025140,2027-02-14,CUST-1020,Developer Tools,North America,Alex Vance,8,750.0,0.05,5700.0,1812.65,3887.35
SO-2025141,2027-02-15,CUST-1021,Developer Tools,LATAM,Marcus Fenix,1,750.0,0.0,750.0,304.95,445.05
SO-2025142,2027-02-16,CUST-1022,Cloud Infrastructure,APAC,Gordon Freeman,11,4800.0,0.0,52800.0,17553.94,35246.06
SO-2025143,2027-02-17,CUST-1023,AI Copilot Seats,APAC,Alex Vance,6,1200.0,0.0,7200.0,2570.27,4629.73
SO-2025144,2027-02-18,CUST-1024,Developer Tools,APAC,Alex Vance,9,750.0,0.0,6750.0,1937.79,4812.21
SO-2025145,2027-02-19,CUST-1025,Security Suite,EMEA,Marcus Fenix,7,3200.0,0.0,22400.0,7608.32,14791.68
SO-2025146,2027-02-20,CUST-1026,Database Enterprise,North America,Gordon Freeman,4,8500.0,0.0,34000.0,13482.05,20517.95
SO-2025147,2027-02-21,CUST-1027,Security Suite,APAC,Marcus Fenix,13,3200.0,0.1,37440.0,14706.09,22733.91
SO-2025148,2027-02-22,CUST-1028,AI Copilot Seats,EMEA,Ellen Ripley,1,1200.0,0.15,1020.0,317.63,702.37
SO-2025149,2027-02-23,CUST-1029,Security Suite,LATAM,Alex Vance,12,3200.0,0.1,34560.0,10770.66,23789.34
SO-2025150,2027-02-24,CUST-1030,Cloud Infrastructure,APAC,Marcus Fenix,2,4800.0,0.1,8640.0,3407.81,5232.19
SO-2025151,2027-02-25,CUST-1031,AI Copilot Seats,EMEA,Alex Vance,12,1200.0,0.0,14400.0,5907.68,8492.32
SO-2025152,2027-02-26,CUST-1032,Database Enterprise,APAC,Gordon Freeman,5,8500.0,0.15,36125.0,10597.29,25527.71
SO-2025153,2027-02-27,CUST-1033,Cloud Infrastructure,North America,Sarah Connor,12,4800.0,0.0,57600.0,19757.27,37842.73
SO-2025154,2027-02-28,CUST-1034,AI Copilot Seats,North America,Marcus Fenix,11,1200.0,0.15,11220.0,3671.67,7548.33
SO-2025155,2027-03-01,CUST-1035,Database Enterprise,LATAM,Marcus Fenix,5,8500.0,0.15,36125.0,14518.51,21606.49
SO-2025156,2027-03-02,CUST-1036,Cloud Infrastructure,APAC,Alex Vance,8,4800.0,0.05,36480.0,10640.98,25839.02
SO-2025157,2027-03-03,CUST-1037,Cloud Infrastructure,EMEA,Gordon Freeman,6,4800.0,0.15,24480.0,7577.97,16902.03
SO-2025158,2027-03-04,CUST-1038,AI Copilot Seats,LATAM,Ellen Ripley,8,1200.0,0.05,9120.0,3514.35,5605.65
SO-2025159,2027-03-05,CUST-1039,Developer Tools,APAC,Gordon Freeman,2,750.0,0.0,1500.0,430.77,1069.23
SO-2025160,2027-03-06,CUST-1040,Cloud Infrastructure,LATAM,Marcus Fenix,3,4800.0,0.0,14400.0,5024.95,9375.05
SO-2025161,2027-03-07,CUST-1041,Cloud Infrastructure,EMEA,Ellen Ripley,6,4800.0,0.05,27360.0,9354.25,18005.75
SO-2025162,2027-03-08,CUST-1042,Database Enterprise,LATAM,Gordon Freeman,12,8500.0,0.0,102000.0,33335.25,68664.75
SO-2025163,2027-03-09,CUST-1043,Security Suite,LATAM,Sarah Connor,13,3200.0,0.05,39520.0,13248.69,26271.31
SO-2025164,2027-03-10,CUST-1044,AI Copilot Seats,LATAM,Alex Vance,10,1200.0,0.15,10200.0,3612.76,6587.24
SO-2025165,2027-03-11,CUST-1045,AI Copilot Seats,APAC,Gordon Freeman,3,1200.0,0.0,3600.0,1089.33,2510.67
SO-2025166,2027-03-12,CUST-1046,Developer Tools,EMEA,Gordon Freeman,6,750.0,0.1,4050.0,1458.32,2591.68
SO-2025167,2027-03-13,CUST-1047,Developer Tools,North America,Sarah Connor,6,750.0,0.15,3825.0,1502.31,2322.69
SO-2025168,2027-03-14,CUST-1048,AI Copilot Seats,APAC,Marcus Fenix,2,1200.0,0.15,2040.0,788.3,1251.7
SO-2025169,2027-03-15,CUST-1049,Developer Tools,North America,Alex Vance,7,750.0,0.15,4462.5,1345.65,3116.85
SO-2025170,2027-03-16,CUST-1050,Database Enterprise,North America,Gordon Freeman,12,8500.0,0.05,96900.0,29156.72,67743.28
SO-2025171,2027-03-17,CUST-1051,AI Copilot Seats,APAC,Ellen Ripley,2,1200.0,0.15,2040.0,647.79,1392.21
SO-2025172,2027-03-18,CUST-1052,Developer Tools,APAC,Gordon Freeman,6,750.0,0.1,4050.0,1338.73,2711.27
SO-2025173,2027-03-19,CUST-1053,AI Copilot Seats,EMEA,Alex Vance,1,1200.0,0.0,1200.0,404.62,795.38
SO-2025174,2027-03-20,CUST-1054,Security Suite,EMEA,Gordon Freeman,3,3200.0,0.0,9600.0,3601.51,5998.49
SO-2025175,2027-03-21,CUST-1055,Cloud Infrastructure,LATAM,Sarah Connor,2,4800.0,0.05,9120.0,2625.97,6494.03
SO-2025176,2027-03-22,CUST-1056,AI Copilot Seats,North America,Gordon Freeman,7,1200.0,0.0,8400.0,2392.78,6007.22
SO-2025177,2027-03-23,CUST-1057,Cloud Infrastructure,EMEA,Gordon Freeman,14,4800.0,0.05,63840.0,21377.94,42462.06
SO-2025178,2027-03-24,CUST-1058,Developer Tools,LATAM,Ellen Ripley,4,750.0,0.05,2850.0,1076.17,1773.83
SO-2025179,2027-03-25,CUST-1059,Cloud Infrastructure,EMEA,Sarah Connor,8,4800.0,0.0,38400.0,11791.91,26608.09
SO-2025180,2027-03-26,CUST-1060,AI Copilot Seats,APAC,Sarah Connor,6,1200.0,0.05,6840.0,2529.5,4310.5
SO-2025181,2027-03-27,CUST-1061,Security Suite,EMEA,Gordon Freeman,12,3200.0,0.1,34560.0,10933.95,23626.05
SO-2025182,2027-03-28,CUST-1062,Developer Tools,North America,Ellen Ripley,10,750.0,0.0,7500.0,3030.39,4469.61
SO-2025183,2027-03-29,CUST-1063,AI Copilot Seats,EMEA,Gordon Freeman,4,1200.0,0.0,4800.0,1945.9,2854.1
SO-2025184,2027-03-30,CUST-1064,Developer Tools,North America,Gordon Freeman,5,750.0,0.0,3750.0,1206.08,2543.92
SO-2025185,2027-03-31,CUST-1065,Database Enterprise,APAC,Alex Vance,13,8500.0,0.0,110500.0,34498.0,76002.0
SO-2025186,2027-04-01,CUST-1066,Cloud Infrastructure,North America,Alex Vance,13,4800.0,0.15,53040.0,17905.38,35134.62
SO-2025187,2027-04-02,CUST-1067,Database Enterprise,EMEA,Ellen Ripley,9,8500.0,0.0,76500.0,23996.09,52503.91
SO-2025188,2027-04-03,CUST-1068,AI Copilot Seats,LATAM,Marcus Fenix,7,1200.0,0.05,7980.0,2985.59,4994.41
SO-2025189,2027-04-04,CUST-1069,Security Suite,APAC,Alex Vance,10,3200.0,0.0,32000.0,12660.77,19339.23
SO-2025190,2027-04-05,CUST-1070,Developer Tools,EMEA,Marcus Fenix,14,750.0,0.0,10500.0,3929.45,6570.55
SO-2025191,2027-04-06,CUST-1071,Cloud Infrastructure,APAC,Sarah Connor,14,4800.0,0.1,60480.0,23914.34,36565.66
SO-2025192,2027-04-07,CUST-1072,Developer Tools,APAC,Alex Vance,9,750.0,0.05,6412.5,2151.9,4260.6
SO-2025193,2027-04-08,CUST-1073,AI Copilot Seats,EMEA,Alex Vance,7,1200.0,0.0,8400.0,2535.83,5864.17
SO-2025194,2027-04-09,CUST-1074,Developer Tools,EMEA,Ellen Ripley,12,750.0,0.0,9000.0,3449.82,5550.18
SO-2025195,2027-04-10,CUST-1075,Cloud Infrastructure,LATAM,Marcus Fenix,1,4800.0,0.0,4800.0,1586.24,3213.76
SO-2025196,2027-04-11,CUST-1076,AI Copilot Seats,APAC,Alex Vance,12,1200.0,0.0,14400.0,5385.28,9014.72
SO-2025197,2027-04-12,CUST-1077,Developer Tools,APAC,Alex Vance,8,750.0,0.05,5700.0,1811.97,3888.03
SO-2025198,2027-04-13,CUST-1078,Security Suite,EMEA,Ellen Ripley,4,3200.0,0.0,12800.0,3729.56,9070.44
SO-2025199,2027-04-14,CUST-1079,AI Copilot Seats,North America,Ellen Ripley,3,1200.0,0.0,3600.0,1508.26,2091.74
